PF--_E_00001_SE_01_T_01,http://hdl.handle.net/10932/00-027B-8956-7711-8F01-7
PF--_E_00001_SE_01_A_01_DF_01,http://hdl.handle.net/10932/00-027B-8956-AC41-9001-6
PF--_E_00001,http://hdl.handle.net/10932/00-027B-8956-DDC1-9101-4
PF--_E_00002_SE_01_A_01_DF_01,http://hdl.handle.net/10932/00-027B-8957-1171-9201-7
PF--_E_00002_SE_01_T_01,http://hdl.handle.net/10932/00-027B-8957-36E1-9301-2
PF--_E_00002,http://hdl.handle.net/10932/00-027B-8957-5F01-9401-2
PF--_E_00003_SE_01_T_01,http://hdl.handle.net/10932/00-027B-8958-5831-9501-C
PF--_E_00003_SE_01_A_01_DF_01,http://hdl.handle.net/10932/00-027B-8958-7EF1-9601-4
PF--_E_00003,http://hdl.handle.net/10932/00-027B-8959-71F1-9701-9
PF--_E_00004_SE_01_A_01_DF_01,http://hdl.handle.net/10932/00-027B-895A-5221-9801-D
PF--_E_00004_SE_01_T_01,http://hdl.handle.net/10932/00-027B-895A-7111-9901-6
PF--_E_00004,http://hdl.handle.net/10932/00-027B-895B-51F1-9A01-F
PF--_E_00005_SE_01_T_01,http://hdl.handle.net/10932/00-027B-895C-4341-9B01-A
PF--_E_00005_SE_01_A_01_DF_01,http://hdl.handle.net/10932/00-027B-895D-2571-9C01-C
PF--_E_00005,http://hdl.handle.net/10932/00-027B-895D-5831-9D01-F
PF--_E_00006_SE_01_T_01,http://hdl.handle.net/10932/00-027B-895D-7EB1-9E01-6
PF--_E_00006_SE_01_A_01_DF_01,http://hdl.handle.net/10932/00-027B-895D-A4F1-9F01-8
PF--_E_00006,http://hdl.handle.net/10932/00-027B-895D-CB31-A001-E
PF--_E_00007_SE_01_A_01_DF_01,http://hdl.handle.net/10932/00-027B-895E-FE71-A101-3
PF--_E_00007_SE_01_T_01,http://hdl.handle.net/10932/00-027B-895F-2101-A201-4
PF--_E_00007,http://hdl.handle.net/10932/00-027B-895F-4B41-A301-0
PF--_E_00008_SE_01_A_01_DF_01,http://hdl.handle.net/10932/00-027B-8960-5EF1-A401-2
PF--_E_00008_SE_01_T_01,http://hdl.handle.net/10932/00-027B-8960-84F1-A501-1
PF--_E_00008,http://hdl.handle.net/10932/00-027B-8960-A531-A601-2
PF--_E_00009_SE_01_T_01,http://hdl.handle.net/10932/00-027B-8961-84F1-A701-5
PF--_E_00009_SE_01_A_01_DF_01,http://hdl.handle.net/10932/00-027B-8962-65A1-A801-9
PF--_E_00009,http://hdl.handle.net/10932/00-027B-8962-8041-A901-0
PF--_E_00010_SE_01_A_01_DF_01,http://hdl.handle.net/10932/00-027B-8962-B371-AA01-A
PF--_E_00010_SE_01_T_01,http://hdl.handle.net/10932/00-027B-8962-DEB1-AB01-B
PF--_E_00010,http://hdl.handle.net/10932/00-027B-8963-4721-AC01-C
PF--_E_00011_SE_01_T_01,http://hdl.handle.net/10932/00-027B-8963-7BE1-AD01-4
PF--_E_00011_SE_01_A_01_DF_01,http://hdl.handle.net/10932/00-027B-8963-A881-AE01-5
PF--_E_00011,http://hdl.handle.net/10932/00-027B-8963-D571-AF01-3
PF--_E_00012_SE_01_T_01,http://hdl.handle.net/10932/00-027B-8964-0941-B001-4
PF--_E_00012_SE_01_A_01_DF_01,http://hdl.handle.net/10932/00-027B-8964-3DD1-B101-4
PF--_E_00012,http://hdl.handle.net/10932/00-027B-8964-66A1-B201-2
PF--_E_00013_SE_01_A_01_DF_01,http://hdl.handle.net/10932/00-027B-8964-9751-B301-D
PF--_E_00013_SE_01_T_01,http://hdl.handle.net/10932/00-027B-8964-B821-B401-3
PF--_E_00013,http://hdl.handle.net/10932/00-027B-8964-D351-B501-8
PF--_E_00014_SE_01_T_01,http://hdl.handle.net/10932/00-027B-8966-1361-B601-4
PF--_E_00014_SE_01_A_01_DF_01,http://hdl.handle.net/10932/00-027B-8966-3821-B701-F
PF--_E_00014,http://hdl.handle.net/10932/00-027B-8966-5EC1-B801-7
PF--_E_00015_SE_01_A_01_DF_01,http://hdl.handle.net/10932/00-027B-8966-8B51-B901-7
PF--_E_00015_SE_01_T_01,http://hdl.handle.net/10932/00-027B-8966-AB41-BA01-2
PF--_E_00015,http://hdl.handle.net/10932/00-027B-8966-D1A1-BB01-7
PF--_E_00016_SE_01_T_01,http://hdl.handle.net/10932/00-027B-8966-FED1-BC01-6
PF--_E_00016_SE_01_A_01_DF_01,http://hdl.handle.net/10932/00-027B-8967-2FA1-BD01-1
PF--_E_00016,http://hdl.handle.net/10932/00-027B-8967-7EA1-BE01-5
PF--_E_00017_SE_01_A_01_DF_01,http://hdl.handle.net/10932/00-027B-8967-9A81-BF01-5
PF--_E_00017_SE_01_T_01,http://hdl.handle.net/10932/00-027B-8968-8531-C001-2
PF--_E_00017,http://hdl.handle.net/10932/00-027B-8968-A511-C101-1
PF--_E_00018_SE_01_A_01_DF_01,http://hdl.handle.net/10932/00-027B-8968-CB41-C201-8
PF--_E_00018_SE_01_T_01,http://hdl.handle.net/10932/00-027B-8968-EBF1-C301-3
PF--_E_00018,http://hdl.handle.net/10932/00-027B-8969-0B81-C401-5
PF--_E_00019_SE_01_T_01,http://hdl.handle.net/10932/00-027B-8969-F911-C501-1
PF--_E_00019_SE_01_A_01_DF_01,http://hdl.handle.net/10932/00-027B-896A-F2A1-C601-9
PF--_E_00019,http://hdl.handle.net/10932/00-027B-896B-17F1-C701-7
PF--_E_00020_SE_01_A_01_DF_01,http://hdl.handle.net/10932/00-027B-896B-33F1-C801-0
PF--_E_00020_SE_01_T_01,http://hdl.handle.net/10932/00-027B-896B-71C1-C901-9
PF--_E_00020,http://hdl.handle.net/10932/00-027B-896B-A6B1-CA01-F
PF--_E_00021_SE_01_T_01,http://hdl.handle.net/10932/00-027B-896B-C7A1-CB01-6
PF--_E_00021_SE_01_A_01_DF_01,http://hdl.handle.net/10932/00-027B-896B-FD71-CC01-2
PF--_E_00021,http://hdl.handle.net/10932/00-027B-896C-24E1-CD01-D
PF--_E_00022_SE_01_A_01_DF_01,http://hdl.handle.net/10932/00-027B-896C-44F1-CE01-6
PF--_E_00022_SE_01_T_01,http://hdl.handle.net/10932/00-027B-896C-64D1-CF01-4
PF--_E_00022,http://hdl.handle.net/10932/00-027B-896C-91C1-D001-1
PF--_E_00023_SE_01_T_01,http://hdl.handle.net/10932/00-027B-896D-7831-D101-F
PF--_E_00023_SE_01_A_01_DF_01,http://hdl.handle.net/10932/00-027B-896D-9E71-D201-3
PF--_E_00023,http://hdl.handle.net/10932/00-027B-896D-C4F1-D301-0
PF--_E_00024_SE_01_T_01,http://hdl.handle.net/10932/00-027B-896D-EC01-D401-6
PF--_E_00024_SE_01_A_01_DF_01,http://hdl.handle.net/10932/00-027B-896E-11A1-D501-4
PF--_E_00024,http://hdl.handle.net/10932/00-027B-896E-2CB1-D601-6
PF--_E_00025_SE_01_A_01_DF_01,http://hdl.handle.net/10932/00-027B-896E-5E61-D701-8
PF--_E_00025_SE_01_T_01,http://hdl.handle.net/10932/00-027B-896E-7E11-D801-9
PF--_E_00025,http://hdl.handle.net/10932/00-027B-896E-9791-D901-C
PF--_E_00026_SE_01_A_01_DF_01,http://hdl.handle.net/10932/00-027B-896E-BF31-DA01-C
PF--_E_00026_SE_01_T_01,http://hdl.handle.net/10932/00-027B-896E-EC21-DB01-0
PF--_E_00026,http://hdl.handle.net/10932/00-027B-896F-CC01-DC01-1
PF--_E_00027_SE_01_T_01,http://hdl.handle.net/10932/00-027B-8970-0521-DD01-3
PF--_E_00027_SE_01_A_01_DF_01,http://hdl.handle.net/10932/00-027B-8970-2B01-DE01-7
PF--_E_00027,http://hdl.handle.net/10932/00-027B-8970-4E21-DF01-4
PF--_E_00028_SE_01_A_01_DF_01,http://hdl.handle.net/10932/00-027B-8971-3831-E001-B
PF--_E_00028_SE_01_T_01,http://hdl.handle.net/10932/00-027B-8971-68E1-E101-6
PF--_E_00028,http://hdl.handle.net/10932/00-027B-8971-8B21-E201-9
PF--_E_00029_SE_01_T_01,http://hdl.handle.net/10932/00-027B-8971-ADB1-E301-C
PF--_E_00029_SE_01_A_01_DF_01,http://hdl.handle.net/10932/00-027B-8971-D841-E401-E
PF--_E_00029,http://hdl.handle.net/10932/00-027B-8972-B1C1-E501-C
PF--_E_00030_SE_01_T_01,http://hdl.handle.net/10932/00-027B-8972-D871-E601-C
PF--_E_00030_SE_01_A_01_DF_01,http://hdl.handle.net/10932/00-027B-8972-FE51-E701-4
PF--_E_00030,http://hdl.handle.net/10932/00-027B-8973-24F1-E801-6
PF--_E_00031_SE_01_A_01_DF_01,http://hdl.handle.net/10932/00-027B-8974-0C11-E901-B
PF--_E_00031_SE_01_T_01,http://hdl.handle.net/10932/00-027B-8974-3401-EA01-8
PF--_E_00031,http://hdl.handle.net/10932/00-027B-8974-5BD1-EB01-0
PF--_E_00032_SE_01_T_01,http://hdl.handle.net/10932/00-027B-8974-90F1-EC01-1
PF--_E_00032_SE_01_A_01_DF_01,http://hdl.handle.net/10932/00-027B-8974-B731-ED01-C
PF--_E_00032,http://hdl.handle.net/10932/00-027B-8974-E091-EE01-3
PF--_E_00033_SE_01_A_01_DF_01,http://hdl.handle.net/10932/00-027B-8975-10F1-EF01-0
PF--_E_00033_SE_01_T_01,http://hdl.handle.net/10932/00-027B-8975-3571-F001-E
PF--_E_00033,http://hdl.handle.net/10932/00-027B-8975-6031-F101-0
PF--_E_00034_SE_01_T_01,http://hdl.handle.net/10932/00-027B-8975-A031-F201-4
PF--_E_00034_SE_01_A_01_DF_01,http://hdl.handle.net/10932/00-027B-8975-CB11-F301-A
PF--_E_00034,http://hdl.handle.net/10932/00-027B-8975-F191-F401-A
PF--_E_00035_SE_01_A_01_DF_01,http://hdl.handle.net/10932/00-027B-8976-D8F1-F501-1
PF--_E_00035_SE_01_T_01,http://hdl.handle.net/10932/00-027B-8976-FE91-F601-6
PF--_E_00035,http://hdl.handle.net/10932/00-027B-8977-2F01-F701-C
PF--_E_00036_SE_01_A_01_DF_01,http://hdl.handle.net/10932/00-027B-8977-66B1-F801-A
PF--_E_00036_SE_01_T_01,http://hdl.handle.net/10932/00-027B-8977-8C01-F901-9
PF--_E_00036,http://hdl.handle.net/10932/00-027B-8978-6ED1-FA01-1
PF--_E_00037_SE_01_T_01,http://hdl.handle.net/10932/00-027B-8978-9E41-FB01-F
PF--_E_00037_SE_01_A_01_DF_01,http://hdl.handle.net/10932/00-027B-8979-8C81-FC01-8
PF--_E_00037,http://hdl.handle.net/10932/00-027B-8979-B1C1-FD01-A
PF--_E_00038_SE_01_T_01,http://hdl.handle.net/10932/00-027B-897A-91A1-FE01-7
PF--_E_00038_SE_01_A_01_DF_01,http://hdl.handle.net/10932/00-027B-897A-B7B1-FF01-A
PF--_E_00038,http://hdl.handle.net/10932/00-027B-897A-DE82-0001-5
PF--_E_00039_SE_01_A_01_DF_01,http://hdl.handle.net/10932/00-027B-897B-1342-0101-6
PF--_E_00039_SE_01_T_01,http://hdl.handle.net/10932/00-027B-897B-3EA2-0201-5
PF--_E_00039,http://hdl.handle.net/10932/00-027B-897B-64F2-0301-2
PF--_E_00040_SE_01_A_01_DF_01,http://hdl.handle.net/10932/00-027B-897C-51A2-0401-D
PF--_E_00040_SE_01_T_01,http://hdl.handle.net/10932/00-027B-897C-71C2-0501-7
PF--_E_00040,http://hdl.handle.net/10932/00-027B-897C-9802-0601-1
PF--_E_00041_SE_01_T_01,http://hdl.handle.net/10932/00-027B-897D-7832-0701-1
PF--_E_00041_SE_01_A_01_DF_01,http://hdl.handle.net/10932/00-027B-897D-9E72-0801-F
PF--_E_00041,http://hdl.handle.net/10932/00-027B-897E-A4E2-0901-1
PF--_E_00042_SE_01_T_01,http://hdl.handle.net/10932/00-027B-897E-CD02-0A01-B
PF--_E_00042_SE_01_A_01_DF_01,http://hdl.handle.net/10932/00-027B-897E-F892-0B01-E
PF--_E_00042,http://hdl.handle.net/10932/00-027B-897F-1F32-0C01-F
PF--_E_00043_SE_01_A_01_DF_01,http://hdl.handle.net/10932/00-027B-897F-44E2-0D01-9
PF--_E_00043_SE_01_T_01,http://hdl.handle.net/10932/00-027B-897F-6B52-0E01-F
PF--_E_00043,http://hdl.handle.net/10932/00-027B-897F-9202-0F01-C
PF--_E_00044_SE_01_A_01_DF_01,http://hdl.handle.net/10932/00-027B-897F-B852-1001-0
PF--_E_00044_SE_01_T_01,http://hdl.handle.net/10932/00-027B-897F-D382-1101-2
PF--_E_00044,http://hdl.handle.net/10932/00-027B-8980-B1C2-1201-0
PF--_E_00045_SE_01_T_01,http://hdl.handle.net/10932/00-027B-8980-DE92-1301-C
PF--_E_00045_SE_01_A_01_DF_01,http://hdl.handle.net/10932/00-027B-8981-B832-1401-1
PF--_E_00045,http://hdl.handle.net/10932/00-027B-8981-E3D2-1501-7
PF--_E_00046_SE_01_A_01_DF_01,http://hdl.handle.net/10932/00-027B-8982-0B62-1601-D
PF--_E_00046_SE_01_T_01,http://hdl.handle.net/10932/00-027B-8982-4532-1701-7
PF--_E_00046,http://hdl.handle.net/10932/00-027B-8982-6B92-1801-3
PF--_E_00047_SE_01_T_01,http://hdl.handle.net/10932/00-027B-8982-9242-1901-8
PF--_E_00047_SE_01_A_01_DF_01,http://hdl.handle.net/10932/00-027B-8982-BD52-1A01-0
PF--_E_00047,http://hdl.handle.net/10932/00-027B-8982-F202-1B01-B
PF--_E_00048_SE_01_A_01_DF_01,http://hdl.handle.net/10932/00-027B-8983-1802-1C01-B
PF--_E_00048_SE_01_T_01,http://hdl.handle.net/10932/00-027B-8983-3F12-1D01-1
PF--_E_00048,http://hdl.handle.net/10932/00-027B-8983-6502-1E01-8
PF--_E_00049_SE_01_T_01,http://hdl.handle.net/10932/00-027B-8983-8C32-1F01-9
PF--_E_00049_SE_01_A_01_DF_01,http://hdl.handle.net/10932/00-027B-8983-B1E2-2001-8
PF--_E_00049,http://hdl.handle.net/10932/00-027B-8983-D1A2-2101-0
PF--_E_00050_SE_01_T_01,http://hdl.handle.net/10932/00-027B-8983-F852-2201-5
PF--_E_00050_SE_01_A_01_DF_01,http://hdl.handle.net/10932/00-027B-8984-1E82-2301-E
PF--_E_00050,http://hdl.handle.net/10932/00-027B-8984-4562-2401-4
PF--_E_00051_SE_01_A_01_DF_01,http://hdl.handle.net/10932/00-027B-8984-6422-2501-D
PF--_E_00051_SE_01_T_01,http://hdl.handle.net/10932/00-027B-8984-8B42-2601-0
PF--_E_00051,http://hdl.handle.net/10932/00-027B-8984-B1C2-2701-B
PF--_E_00052_SE_01_T_01,http://hdl.handle.net/10932/00-027B-8984-D812-2801-0
PF--_E_00052_SE_01_A_01_DF_01,http://hdl.handle.net/10932/00-027B-8985-CAC2-2901-C
PF--_E_00052,http://hdl.handle.net/10932/00-027B-8985-FE52-2A01-C
PF--_E_00053_SE_01_A_01_DF_01,http://hdl.handle.net/10932/00-027B-8986-33A2-2B01-0
PF--_E_00053_SE_01_T_01,http://hdl.handle.net/10932/00-027B-8986-7722-2C01-8
PF--_E_00053,http://hdl.handle.net/10932/00-027B-8986-A192-2D01-7
PF--_E_00054_SE_01_A_01_DF_01,http://hdl.handle.net/10932/00-027B-8986-C5C2-2E01-E
PF--_E_00054_SE_01_T_01,http://hdl.handle.net/10932/00-027B-8986-EB62-2F01-B
PF--_E_00054,http://hdl.handle.net/10932/00-027B-8987-DE82-3001-E
PF--_E_00055_SE_01_T_01,http://hdl.handle.net/10932/00-027B-8988-0132-3101-A
PF--_E_00055_SE_01_A_01_DF_01,http://hdl.handle.net/10932/00-027B-8988-2032-3201-6
PF--_E_00055,http://hdl.handle.net/10932/00-027B-8988-4122-3301-2
PF--_E_00056_SE_01_T_01,http://hdl.handle.net/10932/00-027B-8989-29B2-3401-1
PF--_E_00056_SE_01_A_01_DF_01,http://hdl.handle.net/10932/00-027B-8989-51A2-3501-8
PF--_E_00056,http://hdl.handle.net/10932/00-027B-8989-7852-3601-A
PF--_E_00057_SE_01_A_01_DF_01,http://hdl.handle.net/10932/00-027B-8989-A4F2-3701-C
PF--_E_00057_SE_01_T_01,http://hdl.handle.net/10932/00-027B-898A-7EB2-3801-9
PF--_E_00057,http://hdl.handle.net/10932/00-027B-898A-ACA2-3901-D
PF--_E_00058_SE_01_T_01,http://hdl.handle.net/10932/00-027B-898A-D202-3A01-D
PF--_E_00058_SE_01_A_01_DF_01,http://hdl.handle.net/10932/00-027B-898A-F802-3B01-F
PF--_E_00058,http://hdl.handle.net/10932/00-027B-898B-1722-3C01-6
PF--_E_00059_SE_01_A_01_DF_01,http://hdl.handle.net/10932/00-027B-898B-3E82-3D01-B
PF--_E_00059_SE_01_T_01,http://hdl.handle.net/10932/00-027B-898B-64A2-3E01-9
PF--_E_00059,http://hdl.handle.net/10932/00-027B-898B-BD62-3F01-1
PF--_E_00060_SE_01_T_01,http://hdl.handle.net/10932/00-027B-898B-DE62-4001-1
PF--_E_00060_SE_01_A_01_DF_01,http://hdl.handle.net/10932/00-027B-898B-FE52-4101-3
PF--_E_00060,http://hdl.handle.net/10932/00-027B-898C-24F2-4201-D
PF--_E_00061_SE_01_A_01_DF_01,http://hdl.handle.net/10932/00-027B-898C-5862-4301-6
PF--_E_00061_SE_01_T_01,http://hdl.handle.net/10932/00-027B-898C-7E92-4401-2
PF--_E_00061,http://hdl.handle.net/10932/00-027B-898C-A522-4501-1
PF--_E_00062_SE_01_A_01_DF_01,http://hdl.handle.net/10932/00-027B-898C-C4E2-4601-0
PF--_E_00062_SE_01_T_01,http://hdl.handle.net/10932/00-027B-898C-EB72-4701-8
PF--_E_00062,http://hdl.handle.net/10932/00-027B-898D-C932-4801-2
PF--_E_00063_SE_01_T_01,http://hdl.handle.net/10932/00-027B-898E-04F2-4901-7
PF--_E_00063_SE_01_A_01_DF_01,http://hdl.handle.net/10932/00-027B-898E-2502-4A01-F
PF--_E_00063,http://hdl.handle.net/10932/00-027B-898E-4592-4B01-9
PF--_E_00064_SE_01_A_01_DF_01,http://hdl.handle.net/10932/00-027B-898E-6B72-4C01-5
PF--_E_00064_SE_01_T_01,http://hdl.handle.net/10932/00-027B-898E-9BA2-4D01-5
PF--_E_00064,http://hdl.handle.net/10932/00-027B-898E-C4D2-4E01-3
PF--_E_00065_SE_01_T_01,http://hdl.handle.net/10932/00-027B-898F-A572-4F01-B
PF--_E_00065_SE_01_A_01_DF_01,http://hdl.handle.net/10932/00-027B-898F-C102-5001-A
PF--_E_00065,http://hdl.handle.net/10932/00-027B-898F-E542-5101-5
PF--_E_00066_SE_01_A_01_DF_01,http://hdl.handle.net/10932/00-027B-8990-0502-5201-0
PF--_E_00066_SE_01_T_01,http://hdl.handle.net/10932/00-027B-8990-4522-5301-C
PF--_E_00066,http://hdl.handle.net/10932/00-027B-8990-5F02-5401-E
PF--_E_00067_SE_01_T_01,http://hdl.handle.net/10932/00-027B-8990-8512-5501-D
PF--_E_00067_SE_01_A_01_DF_01,http://hdl.handle.net/10932/00-027B-8990-AB22-5601-C
PF--_E_00067,http://hdl.handle.net/10932/00-027B-8990-D222-5701-7
PF--_E_00068_SE_01_T_01,http://hdl.handle.net/10932/00-027B-8990-F872-5801-C
PF--_E_00068_SE_01_A_01_DF_01,http://hdl.handle.net/10932/00-027B-8991-1EB2-5901-8
PF--_E_00068,http://hdl.handle.net/10932/00-027B-8991-4482-5A01-0
PF--_E_00069_SE_01_A_01_DF_01,http://hdl.handle.net/10932/00-027B-8992-4582-5B01-D
PF--_E_00069_SE_01_T_01,http://hdl.handle.net/10932/00-027B-8992-71A2-5C01-C
PF--_E_00069,http://hdl.handle.net/10932/00-027B-8992-9392-5D01-C
PF--_E_00070_SE_01_T_01,http://hdl.handle.net/10932/00-027B-8992-B6A2-5E01-4
PF--_E_00070_SE_01_A_01_DF_01,http://hdl.handle.net/10932/00-027B-8993-9BF2-5F01-8
PF--_E_00070,http://hdl.handle.net/10932/00-027B-8993-BA62-6001-9
PF--_E_00071_SE_01_A_01_DF_01,http://hdl.handle.net/10932/00-027B-8993-DE92-6101-4
PF--_E_00071_SE_01_T_01,http://hdl.handle.net/10932/00-027B-8994-C572-6201-0
PF--_E_00071,http://hdl.handle.net/10932/00-027B-8994-EB12-6301-B
PF--_E_00072_SE_01_A_01_DF_01,http://hdl.handle.net/10932/00-027B-8995-11A2-6401-1
PF--_E_00072_SE_01_T_01,http://hdl.handle.net/10932/00-027B-8995-3E72-6501-5
PF--_E_00072,http://hdl.handle.net/10932/00-027B-8995-64F2-6601-E
PF--_E_00073_SE_01_T_01,http://hdl.handle.net/10932/00-027B-8995-8512-6701-C
PF--_E_00073_SE_01_A_01_DF_01,http://hdl.handle.net/10932/00-027B-8995-AB72-6801-D
PF--_E_00073,http://hdl.handle.net/10932/00-027B-8996-88C2-6901-7
PF--_E_00074_SE_01_T_01,http://hdl.handle.net/10932/00-027B-8996-C8C2-6A01-2
PF--_E_00074_SE_01_A_01_DF_01,http://hdl.handle.net/10932/00-027B-8997-0B42-6B01-C
PF--_E_00074,http://hdl.handle.net/10932/00-027B-8997-3DF2-6C01-3
PF--_E_00075_SE_01_A_01_DF_01,http://hdl.handle.net/10932/00-027B-8997-6B32-6D01-F
PF--_E_00075_SE_01_T_01,http://hdl.handle.net/10932/00-027B-8998-4A82-6E01-4
PF--_E_00075,http://hdl.handle.net/10932/00-027B-8998-6B92-6F01-B
PF--_E_00076_SE_01_T_01,http://hdl.handle.net/10932/00-027B-8998-91E2-7001-1
PF--_E_00076_SE_01_A_01_DF_01,http://hdl.handle.net/10932/00-027B-8998-B192-7101-4
PF--_E_00076,http://hdl.handle.net/10932/00-027B-8998-D862-7201-A
PF--_E_00077_SE_01_A_01_DF_01,http://hdl.handle.net/10932/00-027B-8998-FE82-7301-3
PF--_E_00077_SE_01_T_01,http://hdl.handle.net/10932/00-027B-8999-24E2-7401-7
PF--_E_00077,http://hdl.handle.net/10932/00-027B-8999-40E2-7501-0
PF--_E_00078_SE_01_T_01,http://hdl.handle.net/10932/00-027B-8999-6BF2-7601-A
PF--_E_00078_SE_01_A_01_DF_01,http://hdl.handle.net/10932/00-027B-899A-51C2-7701-1
PF--_E_00078,http://hdl.handle.net/10932/00-027B-899A-6EF2-7801-2
PF--_E_00079_SE_01_A_01_DF_01,http://hdl.handle.net/10932/00-027B-899A-9832-7901-3
PF--_E_00079_SE_01_T_01,http://hdl.handle.net/10932/00-027B-899A-CD72-7A01-4
PF--_E_00079,http://hdl.handle.net/10932/00-027B-899A-F7A2-7B01-8
PF--_E_00080_SE_01_A_01_DF_01,http://hdl.handle.net/10932/00-027B-899B-1E62-7C01-9
PF--_E_00080_SE_01_T_01,http://hdl.handle.net/10932/00-027B-899B-3EA2-7D01-2
PF--_E_00080,http://hdl.handle.net/10932/00-027B-899B-65A2-7E01-9
PF--_E_00081_SE_01_T_01,http://hdl.handle.net/10932/00-027B-899C-3F12-7F01-3
PF--_E_00081_SE_01_A_01_DF_01,http://hdl.handle.net/10932/00-027B-899C-64D2-8001-1
PF--_E_00081,http://hdl.handle.net/10932/00-027B-899D-3E82-8101-B
PF--_E_00082_SE_01_A_01_DF_01,http://hdl.handle.net/10932/00-027B-899D-6F82-8201-4
PF--_E_00082_SE_01_T_01,http://hdl.handle.net/10932/00-027B-899D-9812-8301-3
PF--_E_00082,http://hdl.handle.net/10932/00-027B-899E-B462-8401-7
PF--_E_00083_SE_01_T_01,http://hdl.handle.net/10932/00-027B-899E-DE62-8501-F
PF--_E_00083_SE_01_A_01_DF_01,http://hdl.handle.net/10932/00-027B-899E-FE82-8601-3
PF--_E_00083,http://hdl.handle.net/10932/00-027B-899F-E4F2-8701-3
PF--_E_00084_SE_01_A_01_DF_01,http://hdl.handle.net/10932/00-027B-89A0-0B52-8801-6
PF--_E_00084_SE_01_T_01,http://hdl.handle.net/10932/00-027B-89A0-EB72-8901-D
PF--_E_00084,http://hdl.handle.net/10932/00-027B-89A1-0F22-8A01-D
PF--_E_00085_SE_01_T_01,http://hdl.handle.net/10932/00-027B-89A1-31D2-8B01-E
PF--_E_00085_SE_01_A_01_DF_01,http://hdl.handle.net/10932/00-027B-89A1-6422-8C01-E
PF--_E_00085,http://hdl.handle.net/10932/00-027B-89A1-8BA2-8D01-E
PF--_E_00086_SE_01_T_01,http://hdl.handle.net/10932/00-027B-89A1-B1C2-8E01-4
PF--_E_00086_SE_01_A_01_DF_01,http://hdl.handle.net/10932/00-027B-89A1-D1D2-8F01-E
PF--_E_00086,http://hdl.handle.net/10932/00-027B-89A2-BF52-9001-6
PF--_E_00087_SE_01_A_01_DF_01,http://hdl.handle.net/10932/00-027B-89A3-B842-9101-D
PF--_E_00087_SE_01_T_01,http://hdl.handle.net/10932/00-027B-89A3-DEA2-9201-2
PF--_E_00087,http://hdl.handle.net/10932/00-027B-89A4-2502-9301-8
PF--_E_00088_SE_01_A_01_DF_01,http://hdl.handle.net/10932/00-027B-89A4-4B62-9401-5
PF--_E_00088_SE_01_T_01,http://hdl.handle.net/10932/00-027B-89A4-7FC2-9501-B
PF--_E_00088,http://hdl.handle.net/10932/00-027B-89A4-9A72-9601-5
PF--_E_00089_SE_01_T_01,http://hdl.handle.net/10932/00-027B-89A4-BF02-9701-B
PF--_E_00089_SE_01_A_01_DF_01,http://hdl.handle.net/10932/00-027B-89A5-9942-9801-5
PF--_E_00089,http://hdl.handle.net/10932/00-027B-89A6-7842-9901-0
PF--_E_00090_SE_01_A_01_DF_01,http://hdl.handle.net/10932/00-027B-89A6-9FE2-9A01-3
PF--_E_00090_SE_01_T_01,http://hdl.handle.net/10932/00-027B-89A6-CB82-9B01-4
PF--_E_00090,http://hdl.handle.net/10932/00-027B-89A7-0072-9C01-8
PF--_E_00091_SE_01_T_01,http://hdl.handle.net/10932/00-027B-89A7-2962-9D01-B
PF--_E_00091_SE_01_A_01_DF_01,http://hdl.handle.net/10932/00-027B-89A7-5D82-9E01-1
PF--_E_00091,http://hdl.handle.net/10932/00-027B-89A7-8682-9F01-1
PF--_E_00092_SE_01_T_01,http://hdl.handle.net/10932/00-027B-89A7-B752-A001-9
PF--_E_00092_SE_01_A_01_DF_01,http://hdl.handle.net/10932/00-027B-89A7-E032-A101-4
PF--_E_00092,http://hdl.handle.net/10932/00-027B-89A8-1F02-A201-4
PF--_E_00093_SE_01_A_01_DF_01,http://hdl.handle.net/10932/00-027B-89A8-46B2-A301-C
PF--_E_00093_SE_01_T_01,http://hdl.handle.net/10932/00-027B-89A8-71C2-A401-3
PF--_E_00093,http://hdl.handle.net/10932/00-027B-89A8-A2F2-A501-0
PF--_E_00094_SE_01_T_01,http://hdl.handle.net/10932/00-027B-89A8-CB22-A601-5
PF--_E_00094_SE_01_A_01_DF_01,http://hdl.handle.net/10932/00-027B-89A8-F8D2-A701-A
PF--_E_00094,http://hdl.handle.net/10932/00-027B-89A9-1E52-A801-4
PF--_E_00095_SE_01_A_01_DF_01,http://hdl.handle.net/10932/00-027B-89A9-3EC2-A901-A
PF--_E_00095_SE_01_T_01,http://hdl.handle.net/10932/00-027B-89A9-64E2-AA01-9
PF--_E_00095,http://hdl.handle.net/10932/00-027B-89A9-8C72-AB01-3
PF--_E_00096_SE_01_T_01,http://hdl.handle.net/10932/00-027B-89A9-B1D2-AC01-9
PF--_E_00096_SE_01_A_01_DF_01,http://hdl.handle.net/10932/00-027B-89AA-91C2-AD01-6
PF--_E_00096,http://hdl.handle.net/10932/00-027B-89AA-AE62-AE01-5
PF--_E_00097_SE_01_A_01_DF_01,http://hdl.handle.net/10932/00-027B-89AA-D412-AF01-8
PF--_E_00097_SE_01_T_01,http://hdl.handle.net/10932/00-027B-89AB-B832-B001-3
PF--_E_00097,http://hdl.handle.net/10932/00-027B-89AB-F1C2-B101-9
PF--_E_00098_SE_01_A_01_DF_01,http://hdl.handle.net/10932/00-027B-89AC-1812-B201-5
PF--_E_00098_SE_01_T_01,http://hdl.handle.net/10932/00-027B-89AC-33C2-B301-8
PF--_E_00098,http://hdl.handle.net/10932/00-027B-89AC-5572-B401-6
PF--_E_00099_SE_01_T_01,http://hdl.handle.net/10932/00-027B-89AC-6E62-B501-1
PF--_E_00099_SE_01_A_01_DF_01,http://hdl.handle.net/10932/00-027B-89AC-8B52-B601-5
PF--_E_00099,http://hdl.handle.net/10932/00-027B-89AC-A672-B701-E
PF--_E_00100_SE_01_T_01,http://hdl.handle.net/10932/00-027B-89AC-D192-B801-1
PF--_E_00100_SE_01_A_01_DF_01,http://hdl.handle.net/10932/00-027B-89AD-0542-B901-4
PF--_E_00100,http://hdl.handle.net/10932/00-027B-89AD-F122-BA01-F
PF--_E_00101_SE_01_A_01_DF_01,http://hdl.handle.net/10932/00-027B-89AE-1832-BB01-D
PF--_E_00101_SE_01_T_01,http://hdl.handle.net/10932/00-027B-89AE-3812-BC01-4
PF--_E_00101,http://hdl.handle.net/10932/00-027B-89AE-57F2-BD01-2
PF--_E_00102_SE_01_T_01,http://hdl.handle.net/10932/00-027B-89AE-7F52-BE01-8
PF--_E_00102_SE_01_A_01_DF_01,http://hdl.handle.net/10932/00-027B-89AE-A0F2-BF01-B
PF--_E_00102,http://hdl.handle.net/10932/00-027B-89AE-E522-C001-1
PF--_E_00103_SE_01_A_01_DF_01,http://hdl.handle.net/10932/00-027B-89AF-0032-C101-3
PF--_E_00103_SE_01_T_01,http://hdl.handle.net/10932/00-027B-89AF-2C52-C201-D
PF--_E_00103,http://hdl.handle.net/10932/00-027B-89AF-51D2-C301-D
PF--_E_00104_SE_01_T_01,http://hdl.handle.net/10932/00-027B-89AF-7842-C401-D
PF--_E_00104_SE_01_A_01_DF_01,http://hdl.handle.net/10932/00-027B-89AF-9E62-C501-D
PF--_E_00104,http://hdl.handle.net/10932/00-027B-89AF-C112-C601-2
PF--_E_00105_SE_01_A_01_DF_01,http://hdl.handle.net/10932/00-027B-89AF-EAF2-C701-D
PF--_E_00105_SE_01_T_01,http://hdl.handle.net/10932/00-027B-89B0-11C2-C801-4
PF--_E_00105,http://hdl.handle.net/10932/00-027B-89B0-37F2-C901-3
PF--_E_00106_SE_01_A_01_DF_01,http://hdl.handle.net/10932/00-027B-89B0-5F02-CA01-B
PF--_E_00106_SE_01_T_01,http://hdl.handle.net/10932/00-027B-89B0-78A2-CB01-F
PF--_E_00106,http://hdl.handle.net/10932/00-027B-89B0-97F2-CC01-7
PF--_E_00107_SE_01_T_01,http://hdl.handle.net/10932/00-027B-89B0-BEC2-CD01-6
PF--_E_00107_SE_01_A_01_DF_01,http://hdl.handle.net/10932/00-027B-89B1-9EA2-CE01-0
PF--_E_00107,http://hdl.handle.net/10932/00-027B-89B2-7F32-CF01-9
PF--_E_00108_SE_01_T_01,http://hdl.handle.net/10932/00-027B-89B2-9EA2-D001-7
PF--_E_00108_SE_01_A_01_DF_01,http://hdl.handle.net/10932/00-027B-89B2-C522-D101-6
PF--_E_00108,http://hdl.handle.net/10932/00-027B-89B2-E0C2-D201-A
PF--_E_00109_SE_01_A_01_DF_01,http://hdl.handle.net/10932/00-027B-89B3-0BC2-D301-6
PF--_E_00109_SE_01_T_01,http://hdl.handle.net/10932/00-027B-89B3-3192-D401-8
PF--_E_00109,http://hdl.handle.net/10932/00-027B-89B3-65F2-D501-0
PF--_E_00110_SE_01_A_01_DF_01,http://hdl.handle.net/10932/00-027B-89B3-8872-D601-1
PF--_E_00110_SE_01_T_01,http://hdl.handle.net/10932/00-027B-89B3-A732-D701-D
PF--_E_00110,http://hdl.handle.net/10932/00-027B-89B3-D822-D801-7
PF--_E_00111_SE_01_T_01,http://hdl.handle.net/10932/00-027B-89B4-0B72-D901-0
PF--_E_00111_SE_01_A_01_DF_01,http://hdl.handle.net/10932/00-027B-89B4-3FB2-DA01-5
PF--_E_00111,http://hdl.handle.net/10932/00-027B-89B4-5E32-DB01-6
PF--_E_00112_SE_01_A_01_DF_01,http://hdl.handle.net/10932/00-027B-89B4-8BE2-DC01-A
PF--_E_00112_SE_01_T_01,http://hdl.handle.net/10932/00-027B-89B4-D852-DD01-B
PF--_E_00112,http://hdl.handle.net/10932/00-027B-89B4-F432-DE01-B
PF--_E_00113_SE_01_T_01,http://hdl.handle.net/10932/00-027B-89B6-3462-DF01-8
PF--_E_00113_SE_01_A_01_DF_01,http://hdl.handle.net/10932/00-027B-89B6-6622-E001-6
PF--_E_00113,http://hdl.handle.net/10932/00-027B-89B6-8582-E101-8
PF--_E_00114_SE_01_T_01,http://hdl.handle.net/10932/00-027B-89B6-B382-E201-B
PF--_E_00114_SE_01_A_01_DF_01,http://hdl.handle.net/10932/00-027B-89B6-F862-E301-9
PF--_E_00114,http://hdl.handle.net/10932/00-027B-89B7-1822-E401-6
PF--_E_00115_SE_01_A_01_DF_01,http://hdl.handle.net/10932/00-027B-89B7-85B2-E501-8
PF--_E_00115_SE_01_T_01,http://hdl.handle.net/10932/00-027B-89B7-B222-E601-D
PF--_E_00115,http://hdl.handle.net/10932/00-027B-89B7-D842-E701-3
PF--_E_00116_SE_01_A_01_DF_01,http://hdl.handle.net/10932/00-027B-89B8-0702-E801-C
PF--_E_00116_SE_01_T_01,http://hdl.handle.net/10932/00-027B-89B8-3242-E901-D
PF--_E_00116,http://hdl.handle.net/10932/00-027B-89B8-6302-EA01-B
PF--_E_00117_SE_01_T_01,http://hdl.handle.net/10932/00-027B-89B8-97B2-EB01-6
PF--_E_00117_SE_01_A_01_DF_01,http://hdl.handle.net/10932/00-027B-89B8-BD22-EC01-F
PF--_E_00117,http://hdl.handle.net/10932/00-027B-89B8-E482-ED01-F
PF--_E_00118_SE_01_A_01_DF_01,http://hdl.handle.net/10932/00-027B-89B9-D872-EE01-E
PF--_E_00118_SE_01_T_01,http://hdl.handle.net/10932/00-027B-89B9-FEA2-EF01-9
PF--_E_00118,http://hdl.handle.net/10932/00-027B-89BA-1E82-F001-7
PF--_E_00119_SE_01_T_01,http://hdl.handle.net/10932/00-027B-89BA-3F82-F101-9
PF--_E_00119_SE_01_A_01_DF_01,http://hdl.handle.net/10932/00-027B-89BA-6B82-F201-2
PF--_E_00119,http://hdl.handle.net/10932/00-027B-89BA-8B92-F301-2
PF--_E_00120_SE_01_A_01_DF_01,http://hdl.handle.net/10932/00-027B-89BA-B202-F401-7
PF--_E_00120_SE_01_T_01,http://hdl.handle.net/10932/00-027B-89BA-CE32-F501-0
PF--_E_00120,http://hdl.handle.net/10932/00-027B-89BA-F252-F601-6
PF--_E_00121_SE_01_T_01,http://hdl.handle.net/10932/00-027B-89BB-21E2-F701-9
PF--_E_00121_SE_01_A_01_DF_01,http://hdl.handle.net/10932/00-027B-89BB-4B42-F801-4
PF--_E_00121,http://hdl.handle.net/10932/00-027B-89BB-6B52-F901-B
PF--_E_00122_SE_01_T_01,http://hdl.handle.net/10932/00-027B-89BB-9202-FA01-A
PF--_E_00122_SE_01_A_01_DF_01,http://hdl.handle.net/10932/00-027B-89BB-B832-FB01-F
PF--_E_00122,http://hdl.handle.net/10932/00-027B-89BB-D3A2-FC01-5
PF--_E_00123_SE_01_A_01_DF_01,http://hdl.handle.net/10932/00-027B-89BB-FE92-FD01-1
PF--_E_00123_SE_01_T_01,http://hdl.handle.net/10932/00-027B-89BD-31C2-FE01-7
PF--_E_00123,http://hdl.handle.net/10932/00-027B-89BD-5832-FF01-F
PF--_E_00124_SE_01_T_01,http://hdl.handle.net/10932/00-027B-89BD-8B83-0001-6
PF--_E_00124_SE_01_A_01_DF_01,http://hdl.handle.net/10932/00-027B-89BE-6623-0101-1
PF--_E_00124,http://hdl.handle.net/10932/00-027B-89BF-3EA3-0201-9
PF--_E_00125_SE_01_A_01_DF_01,http://hdl.handle.net/10932/00-027B-89BF-5A23-0301-A
PF--_E_00125_SE_01_T_01,http://hdl.handle.net/10932/00-027B-89C0-3353-0401-3
PF--_E_00125,http://hdl.handle.net/10932/00-027B-89C0-5D33-0501-5
PF--_E_00126_SE_01_T_01,http://hdl.handle.net/10932/00-027B-89C0-85F3-0601-5
PF--_E_00126_SE_01_A_01_DF_01,http://hdl.handle.net/10932/00-027B-89C0-A0D3-0701-9
PF--_E_00126,http://hdl.handle.net/10932/00-027B-89C0-DEF3-0801-7
PF--_E_00127_SE_01_A_01_DF_01,http://hdl.handle.net/10932/00-027B-89C1-0CB3-0901-4
PF--_E_00127_SE_01_T_01,http://hdl.handle.net/10932/00-027B-89C1-3993-0A01-C
PF--_E_00127,http://hdl.handle.net/10932/00-027B-89C1-6C23-0B01-5
PF--_E_00128_SE_01_A_01_DF_01,http://hdl.handle.net/10932/00-027B-89C1-91E3-0C01-5
PF--_E_00128_SE_01_T_01,http://hdl.handle.net/10932/00-027B-89C1-B223-0D01-6
PF--_E_00128,http://hdl.handle.net/10932/00-027B-89C1-D773-0E01-0
PF--_E_00129_SE_01_T_01,http://hdl.handle.net/10932/00-027B-89C1-F853-0F01-F
PF--_E_00129_SE_01_A_01_DF_01,http://hdl.handle.net/10932/00-027B-89C2-1F03-1001-1
PF--_E_00129,http://hdl.handle.net/10932/00-027B-89C2-F413-1101-3
PF--_E_00130_SE_01_A_01_DF_01,http://hdl.handle.net/10932/00-027B-89C3-D843-1201-D
PF--_E_00130_SE_01_T_01,http://hdl.handle.net/10932/00-027B-89C3-FB43-1301-E
PF--_E_00130,http://hdl.handle.net/10932/00-027B-89C4-2523-1401-3
PF--_E_00131_SE_01_T_01,http://hdl.handle.net/10932/00-027B-89C4-4B93-1501-B
PF--_E_00131_SE_01_A_01_DF_01,http://hdl.handle.net/10932/00-027B-89C4-6713-1601-2
PF--_E_00131,http://hdl.handle.net/10932/00-027B-89C4-8B73-1701-5
PF--_E_00132_SE_01_A_01_DF_01,http://hdl.handle.net/10932/00-027B-89C4-B223-1801-4
PF--_E_00132_SE_01_T_01,http://hdl.handle.net/10932/00-027B-89C4-D8D3-1901-D
PF--_E_00132,http://hdl.handle.net/10932/00-027B-89C4-FEB3-1A01-1
PF--_E_00133_SE_01_T_01,http://hdl.handle.net/10932/00-027B-89C5-2473-1B01-2
PF--_E_00133_SE_01_A_01_DF_01,http://hdl.handle.net/10932/00-027B-89C5-4733-1C01-4
PF--_E_00133,http://hdl.handle.net/10932/00-027B-89C5-80C3-1D01-2
PF--_E_00134_SE_01_A_01_DF_01,http://hdl.handle.net/10932/00-027B-89C5-B063-1E01-6
PF--_E_00134_SE_01_T_01,http://hdl.handle.net/10932/00-027B-89C5-CD93-1F01-A
PF--_E_00134,http://hdl.handle.net/10932/00-027B-89C5-F123-2001-3
PF--_E_00135_SE_01_T_01,http://hdl.handle.net/10932/00-027B-89C6-11C3-2101-1
PF--_E_00135_SE_01_A_01_DF_01,http://hdl.handle.net/10932/00-027B-89C6-3453-2201-8
PF--_E_00135,http://hdl.handle.net/10932/00-027B-89C6-5A83-2301-3
PF--_E_00136_SE_01_T_01,http://hdl.handle.net/10932/00-027B-89C6-7DD3-2401-B
PF--_E_00136_SE_01_A_01_DF_01,http://hdl.handle.net/10932/00-027B-89C6-9EC3-2501-1
PF--_E_00136,http://hdl.handle.net/10932/00-027B-89C6-C533-2601-D
PF--_E_00137_SE_01_A_01_DF_01,http://hdl.handle.net/10932/00-027B-89C6-E563-2701-C
PF--_E_00137_SE_01_T_01,http://hdl.handle.net/10932/00-027B-89C7-CB33-2801-D
PF--_E_00137,http://hdl.handle.net/10932/00-027B-89C7-F173-2901-9
PF--_E_00138_SE_01_A_01_DF_01,http://hdl.handle.net/10932/00-027B-89C8-18D3-2A01-B
PF--_E_00138_SE_01_T_01,http://hdl.handle.net/10932/00-027B-89C8-51E3-2B01-6
PF--_E_00138,http://hdl.handle.net/10932/00-027B-89C8-7523-2C01-A
PF--_E_00139_SE_01_T_01,http://hdl.handle.net/10932/00-027B-89C8-9EF3-2D01-8
PF--_E_00139_SE_01_A_01_DF_01,http://hdl.handle.net/10932/00-027B-89C9-8F83-2E01-D
PF--_E_00139,http://hdl.handle.net/10932/00-027B-89C9-E093-2F01-8
PF--_E_00140_SE_01_T_01,http://hdl.handle.net/10932/00-027B-89CA-11C3-3001-2
PF--_E_00140_SE_01_A_01_DF_01,http://hdl.handle.net/10932/00-027B-89CA-3863-3101-7
PF--_E_00140,http://hdl.handle.net/10932/00-027B-89CA-5813-3201-8
PF--_E_00141_SE_01_A_01_DF_01,http://hdl.handle.net/10932/00-027B-89CA-8D53-3301-C
PF--_E_00141_SE_01_T_01,http://hdl.handle.net/10932/00-027B-89CA-B1D3-3401-2
PF--_E_00141,http://hdl.handle.net/10932/00-027B-89CA-D813-3501-F
PF--_E_00142_SE_01_A_01_DF_01,http://hdl.handle.net/10932/00-027B-89CA-FF23-3601-7
PF--_E_00142_SE_01_T_01,http://hdl.handle.net/10932/00-027B-89CB-1EF3-3701-2
PF--_E_00142,http://hdl.handle.net/10932/00-027B-89CB-4513-3801-A
PF--_E_00143_SE_01_T_01,http://hdl.handle.net/10932/00-027B-89CC-2563-3901-D
PF--_E_00143_SE_01_A_01_DF_01,http://hdl.handle.net/10932/00-027B-89CC-4B73-3A01-7
PF--_E_00143,http://hdl.handle.net/10932/00-027B-89CC-6FE3-3B01-7
PF--_E_00144_SE_01_T_01,http://hdl.handle.net/10932/00-027B-89CC-9783-3C01-6
PF--_E_00144_SE_01_A_01_DF_01,http://hdl.handle.net/10932/00-027B-89CC-B853-3D01-A
PF--_E_00144,http://hdl.handle.net/10932/00-027B-89CC-DEB3-3E01-4
PF--_E_00145_SE_01_A_01_DF_01,http://hdl.handle.net/10932/00-027B-89CD-0433-3F01-4
PF--_E_00145_SE_01_T_01,http://hdl.handle.net/10932/00-027B-89CD-2B83-4001-0
PF--_E_00145,http://hdl.handle.net/10932/00-027B-89CD-51F3-4101-C
PF--_E_00146_SE_01_T_01,http://hdl.handle.net/10932/00-027B-89CE-3AD3-4201-1
PF--_E_00146_SE_01_A_01_DF_01,http://hdl.handle.net/10932/00-027B-89CE-5E93-4301-B
PF--_E_00146,http://hdl.handle.net/10932/00-027B-89CE-7B13-4401-C
PF--_E_00147_SE_01_A_01_DF_01,http://hdl.handle.net/10932/00-027B-89CE-A503-4501-2
PF--_E_00147_SE_01_T_01,http://hdl.handle.net/10932/00-027B-89CE-CBA3-4601-0
PF--_E_00147,http://hdl.handle.net/10932/00-027B-89CE-F1C3-4701-0
PF--_E_00148_SE_01_T_01,http://hdl.handle.net/10932/00-027B-89CF-1843-4801-7
PF--_E_00148_SE_01_A_01_DF_01,http://hdl.handle.net/10932/00-027B-89CF-EF53-4901-2
PF--_E_00148,http://hdl.handle.net/10932/00-027B-89D0-1FF3-4A01-4
PF--_E_00149_SE_01_A_01_DF_01,http://hdl.handle.net/10932/00-027B-89D0-4523-4B01-9
PF--_E_00149_SE_01_T_01,http://hdl.handle.net/10932/00-027B-89D0-71F3-4C01-D
PF--_E_00149,http://hdl.handle.net/10932/00-027B-89D0-9873-4D01-A
PF--_E_00150_SE_01_T_01,http://hdl.handle.net/10932/00-027B-89D0-BED3-4E01-D
PF--_E_00150_SE_01_A_01_DF_01,http://hdl.handle.net/10932/00-027B-89D0-DF03-4F01-0
PF--_E_00150,http://hdl.handle.net/10932/00-027B-89D1-05C3-5001-8
PF--_E_00151_SE_01_A_01_DF_01,http://hdl.handle.net/10932/00-027B-89D1-2B63-5101-D
PF--_E_00151_SE_01_T_01,http://hdl.handle.net/10932/00-027B-89D1-51E3-5201-5
PF--_E_00151,http://hdl.handle.net/10932/00-027B-89D2-31E3-5301-C
PF--_E_00152_SE_01_A_01_DF_01,http://hdl.handle.net/10932/00-027B-89D2-5ED3-5401-9
PF--_E_00152_SE_01_T_01,http://hdl.handle.net/10932/00-027B-89D3-3B73-5501-6
PF--_E_00152,http://hdl.handle.net/10932/00-027B-89D3-5A93-5601-1
PF--_E_00153_SE_01_T_01,http://hdl.handle.net/10932/00-027B-89D4-4523-5701-1
PF--_E_00153_SE_01_A_01_DF_01,http://hdl.handle.net/10932/00-027B-89D4-7323-5801-8
PF--_E_00153,http://hdl.handle.net/10932/00-027B-89D4-A513-5901-F
PF--_E_00154_SE_01_A_01_DF_01,http://hdl.handle.net/10932/00-027B-89D4-CC33-5A01-B
PF--_E_00154_SE_01_T_01,http://hdl.handle.net/10932/00-027B-89D5-AB73-5B01-4
PF--_E_00154,http://hdl.handle.net/10932/00-027B-89D5-CE63-5C01-C
PF--_E_00155_SE_01_T_01,http://hdl.handle.net/10932/00-027B-89D6-C253-5D01-D
PF--_E_00155_SE_01_A_01_DF_01,http://hdl.handle.net/10932/00-027B-89D6-F2B3-5E01-1
PF--_E_00155,http://hdl.handle.net/10932/00-027B-89D7-1853-5F01-9
PF--_E_00156_SE_01_A_01_DF_01,http://hdl.handle.net/10932/00-027B-89D7-F863-6001-4
PF--_E_00156_SE_01_T_01,http://hdl.handle.net/10932/00-027B-89D8-1F33-6101-A
PF--_E_00156,http://hdl.handle.net/10932/00-027B-89D8-53A3-6201-B
PF--_E_00157_SE_01_T_01,http://hdl.handle.net/10932/00-027B-89D8-6E63-6301-9
PF--_E_00157_SE_01_A_01_DF_01,http://hdl.handle.net/10932/00-027B-89D8-9293-6401-B
PF--_E_00157,http://hdl.handle.net/10932/00-027B-89D8-B153-6501-9
PF--_E_00158_SE_01_T_01,http://hdl.handle.net/10932/00-027B-89D8-D133-6601-0
PF--_E_00158_SE_01_A_01_DF_01,http://hdl.handle.net/10932/00-027B-89D8-F1C3-6701-2
PF--_E_00158,http://hdl.handle.net/10932/00-027B-89D9-1873-6801-9
PF--_E_00159_SE_01_A_01_DF_01,http://hdl.handle.net/10932/00-027B-89D9-3833-6901-D
PF--_E_00159_SE_01_T_01,http://hdl.handle.net/10932/00-027B-89D9-5873-6A01-6
PF--_E_00159,http://hdl.handle.net/10932/00-027B-89D9-8533-6B01-1
PF--_E_00160_SE_01_T_01,http://hdl.handle.net/10932/00-027B-89D9-AA93-6C01-5
PF--_E_00160_SE_01_A_01_DF_01,http://hdl.handle.net/10932/00-027B-89D9-C463-6D01-D
PF--_E_00160,http://hdl.handle.net/10932/00-027B-89D9-EBD3-6E01-C
PF--_E_00161_SE_01_A_01_DF_01,http://hdl.handle.net/10932/00-027B-89DA-17E3-6F01-E
PF--_E_00161_SE_01_T_01,http://hdl.handle.net/10932/00-027B-89DA-3E23-7001-3
PF--_E_00161,http://hdl.handle.net/10932/00-027B-89DA-6473-7101-D
PF--_E_00162_SE_01_T_01,http://hdl.handle.net/10932/00-027B-89DA-8AE3-7201-8
PF--_E_00162_SE_01_A_01_DF_01,http://hdl.handle.net/10932/00-027B-89DA-B133-7301-C
PF--_E_00162,http://hdl.handle.net/10932/00-027B-89DA-D7B3-7401-F
PF--_E_00163_SE_01_A_01_DF_01,http://hdl.handle.net/10932/00-027B-89DB-0D43-7501-B
PF--_E_00163_SE_01_T_01,http://hdl.handle.net/10932/00-027B-89DB-31F3-7601-B
PF--_E_00163,http://hdl.handle.net/10932/00-027B-89DB-5833-7701-5
PF--_E_00164_SE_01_A_01_DF_01,http://hdl.handle.net/10932/00-027B-89DB-7EE3-7801-E
PF--_E_00164_SE_01_T_01,http://hdl.handle.net/10932/00-027B-89DB-A513-7901-5
PF--_E_00164,http://hdl.handle.net/10932/00-027B-89DB-CC03-7A01-B
PF--_E_00165_SE_01_T_01,http://hdl.handle.net/10932/00-027B-89DB-F1E3-7B01-5
PF--_E_00165_SE_01_A_01_DF_01,http://hdl.handle.net/10932/00-027B-89DC-1853-7C01-5
PF--_E_00165,http://hdl.handle.net/10932/00-027B-89DC-4533-7D01-D
PF--_E_00166_SE_01_T_01,http://hdl.handle.net/10932/00-027B-89DD-4503-7E01-E
PF--_E_00166_SE_01_A_01_DF_01,http://hdl.handle.net/10932/00-027B-89DD-6BC3-7F01-2
PF--_E_00166,http://hdl.handle.net/10932/00-027B-89DD-9873-8001-2
PF--_E_00167_SE_01_A_01_DF_01,http://hdl.handle.net/10932/00-027B-89DD-CCD3-8101-8
PF--_E_00167_SE_01_T_01,http://hdl.handle.net/10932/00-027B-89DD-FCB3-8201-2
PF--_E_00167,http://hdl.handle.net/10932/00-027B-89DE-1BD3-8301-2
PF--_E_00168_SE_01_T_01,http://hdl.handle.net/10932/00-027B-89DE-3ED3-8401-F
PF--_E_00168_SE_01_A_01_DF_01,http://hdl.handle.net/10932/00-027B-89DE-5EA3-8501-8
PF--_E_00168,http://hdl.handle.net/10932/00-027B-89DE-7EA3-8601-9
PF--_E_00169_SE_01_A_01_DF_01,http://hdl.handle.net/10932/00-027B-89DF-56E3-8701-D
PF--_E_00169_SE_01_T_01,http://hdl.handle.net/10932/00-027B-89DF-7133-8801-4
PF--_E_00169,http://hdl.handle.net/10932/00-027B-89DF-8923-8901-0
PF--_E_00170_SE_01_A_01_DF_01,http://hdl.handle.net/10932/00-027B-89DF-A303-8A01-A
PF--_E_00170_SE_01_T_01,http://hdl.handle.net/10932/00-027B-89DF-BAD3-8B01-2
PF--_E_00170,http://hdl.handle.net/10932/00-027B-89DF-D383-8C01-8
PF--_E_00171_SE_01_T_01,http://hdl.handle.net/10932/00-027B-89DF-FCB3-8D01-3
PF--_E_00171_SE_01_A_01_DF_01,http://hdl.handle.net/10932/00-027B-89E0-1583-8E01-D
PF--_E_00171,http://hdl.handle.net/10932/00-027B-89E0-2DC3-8F01-C
PF--_E_00172_SE_01_T_01,http://hdl.handle.net/10932/00-027B-89E0-48E3-9001-5
PF--_E_00172_SE_01_A_01_DF_01,http://hdl.handle.net/10932/00-027B-89E0-63A3-9101-2
PF--_E_00172,http://hdl.handle.net/10932/00-027B-89E0-7D63-9201-0
PF--_E_00173_SE_01_A_01_DF_01,http://hdl.handle.net/10932/00-027B-89E0-96A3-9301-F
PF--_E_00173_SE_01_T_01,http://hdl.handle.net/10932/00-027B-89E0-AEF3-9401-2
PF--_E_00173,http://hdl.handle.net/10932/00-027B-89E0-C833-9501-B
PF--_E_00174_SE_01_A_01_DF_01,http://hdl.handle.net/10932/00-027B-89E0-E0D3-9601-0
PF--_E_00174_SE_01_T_01,http://hdl.handle.net/10932/00-027B-89E0-FA63-9701-4
PF--_E_00174,http://hdl.handle.net/10932/00-027B-89E1-13F3-9801-8
PF--_E_00175_SE_01_T_01,http://hdl.handle.net/10932/00-027B-89E1-2D23-9901-0
PF--_E_00175_SE_01_A_01_DF_01,http://hdl.handle.net/10932/00-027B-89E1-4473-9A01-C
PF--_E_00175,http://hdl.handle.net/10932/00-027B-89E1-6523-9B01-8
PF--_E_00176_SE_01_A_01_DF_01,http://hdl.handle.net/10932/00-027B-89E2-4B93-9C01-9
PF--_E_00176_SE_01_T_01,http://hdl.handle.net/10932/00-027B-89E2-6BC3-9D01-5
PF--_E_00176,http://hdl.handle.net/10932/00-027B-89E2-9273-9E01-A
PF--_E_00177_SE_01_T_01,http://hdl.handle.net/10932/00-027B-89E2-B2A3-9F01-1
PF--_E_00177_SE_01_A_01_DF_01,http://hdl.handle.net/10932/00-027B-89E2-DCF3-A001-3
PF--_E_00177,http://hdl.handle.net/10932/00-027B-89E2-FF93-A101-2
PF--_E_00178_SE_01_A_01_DF_01,http://hdl.handle.net/10932/00-027B-89E3-2553-A201-3
PF--_E_00178_SE_01_T_01,http://hdl.handle.net/10932/00-027B-89E3-40E3-A301-0
PF--_E_00178,http://hdl.handle.net/10932/00-027B-89E3-5E43-A401-5
PF--_E_00179_SE_01_T_01,http://hdl.handle.net/10932/00-027B-89E3-85D3-A501-D
PF--_E_00179_SE_01_A_01_DF_01,http://hdl.handle.net/10932/00-027B-89E3-ABE3-A601-D
PF--_E_00179,http://hdl.handle.net/10932/00-027B-89E3-D293-A701-6
PF--_E_00180_SE_01_T_01,http://hdl.handle.net/10932/00-027B-89E3-FCE3-A801-0
PF--_E_00180_SE_01_A_01_DF_01,http://hdl.handle.net/10932/00-027B-89E4-2E13-A901-6
PF--_E_00180,http://hdl.handle.net/10932/00-027B-89E4-5843-AA01-1
PF--_E_00181_SE_01_A_01_DF_01,http://hdl.handle.net/10932/00-027B-89E4-74D3-AB01-6
PF--_E_00181_SE_01_T_01,http://hdl.handle.net/10932/00-027B-89E4-9853-AC01-9
PF--_E_00181,http://hdl.handle.net/10932/00-027B-89E4-C893-AD01-E
PF--_E_00182_SE_01_T_01,http://hdl.handle.net/10932/00-027B-89E4-E783-AE01-5
PF--_E_00182_SE_01_A_01_DF_01,http://hdl.handle.net/10932/00-027B-89E5-0DD3-AF01-A
PF--_E_00182,http://hdl.handle.net/10932/00-027B-89E5-2E23-B001-D
PF--_E_00183_SE_01_A_01_DF_01,http://hdl.handle.net/10932/00-027B-89E5-64B3-B101-3
PF--_E_00183_SE_01_T_01,http://hdl.handle.net/10932/00-027B-89E5-91F3-B201-E
PF--_E_00183,http://hdl.handle.net/10932/00-027B-89E5-B863-B301-E
PF--_E_00184_SE_01_T_01,http://hdl.handle.net/10932/00-027B-89E6-9853-B401-2
PF--_E_00184_SE_01_A_01_DF_01,http://hdl.handle.net/10932/00-027B-89E6-D233-B501-B
PF--_E_00184,http://hdl.handle.net/10932/00-027B-89E7-BC03-B601-3
PF--_E_00185_SE_01_A_01_DF_01,http://hdl.handle.net/10932/00-027B-89E7-FEB3-B701-0
PF--_E_00185_SE_01_T_01,http://hdl.handle.net/10932/00-027B-89E8-2553-B801-F
PF--_E_00185,http://hdl.handle.net/10932/00-027B-89E8-4B93-B901-0
PF--_E_00186_SE_01_A_01_DF_01,http://hdl.handle.net/10932/00-027B-89E8-7193-BA01-5
PF--_E_00186_SE_01_T_01,http://hdl.handle.net/10932/00-027B-89E9-4C33-BB01-B
PF--_E_00186,http://hdl.handle.net/10932/00-027B-89EA-3213-BC01-9
PF--_E_00187_SE_01_T_01,http://hdl.handle.net/10932/00-027B-89EA-5473-BD01-E
PF--_E_00187_SE_01_A_01_DF_01,http://hdl.handle.net/10932/00-027B-89EA-8533-BE01-E
PF--_E_00187,http://hdl.handle.net/10932/00-027B-89EA-B333-BF01-8
PF--_E_00188_SE_01_T_01,http://hdl.handle.net/10932/00-027B-89EA-D473-C001-6
PF--_E_00188_SE_01_A_01_DF_01,http://hdl.handle.net/10932/00-027B-89EB-04A3-C101-F
PF--_E_00188,http://hdl.handle.net/10932/00-027B-89EB-37B3-C201-9
PF--_E_00189_SE_01_A_01_DF_01,http://hdl.handle.net/10932/00-027B-89EB-5E63-C301-9
PF--_E_00189_SE_01_T_01,http://hdl.handle.net/10932/00-027B-89EB-8473-C401-3
PF--_E_00189,http://hdl.handle.net/10932/00-027B-89EB-B7B3-C501-A
PF--_E_00190_SE_01_A_01_DF_01,http://hdl.handle.net/10932/00-027B-89EB-EAE3-C601-1
PF--_E_00190_SE_01_T_01,http://hdl.handle.net/10932/00-027B-89EC-0F73-C701-5
PF--_E_00190,http://hdl.handle.net/10932/00-027B-89EC-3ED3-C801-E
PF--_E_00191_SE_01_T_01,http://hdl.handle.net/10932/00-027B-89EC-6533-C901-6
PF--_E_00191_SE_01_A_01_DF_01,http://hdl.handle.net/10932/00-027B-89EC-8403-CA01-B
PF--_E_00191,http://hdl.handle.net/10932/00-027B-89EC-B203-CB01-1
PF--_E_00192_SE_01_A_01_DF_01,http://hdl.handle.net/10932/00-027B-89ED-9203-CC01-A
PF--_E_00192_SE_01_T_01,http://hdl.handle.net/10932/00-027B-89EE-7893-CD01-8
PF--_E_00192,http://hdl.handle.net/10932/00-027B-89EE-9563-CE01-C
PF--_E_00193_SE_01_T_01,http://hdl.handle.net/10932/00-027B-89EF-7F13-CF01-E
PF--_E_00193_SE_01_A_01_DF_01,http://hdl.handle.net/10932/00-027B-89EF-A543-D001-F
PF--_E_00193,http://hdl.handle.net/10932/00-027B-89EF-CB53-D101-C
PF--_E_00194_SE_01_T_01,http://hdl.handle.net/10932/00-027B-89EF-F0F3-D201-2
PF--_E_00194_SE_01_A_01_DF_01,http://hdl.handle.net/10932/00-027B-89F0-0EA3-D301-F
PF--_E_00194,http://hdl.handle.net/10932/00-027B-89F0-3F43-D401-0
PF--_E_00195_SE_01_A_01_DF_01,http://hdl.handle.net/10932/00-027B-89F1-2553-D501-8
PF--_E_00195_SE_01_T_01,http://hdl.handle.net/10932/00-027B-89F1-5713-D601-9
PF--_E_00195,http://hdl.handle.net/10932/00-027B-89F1-7513-D701-B
PF--_E_00196_SE_01_A_01_DF_01,http://hdl.handle.net/10932/00-027B-89F1-97C3-D801-5
PF--_E_00196_SE_01_T_01,http://hdl.handle.net/10932/00-027B-89F1-B843-D901-0
PF--_E_00196,http://hdl.handle.net/10932/00-027B-89F2-9D63-DA01-6
PF--_E_00197_SE_01_T_01,http://hdl.handle.net/10932/00-027B-89F3-7DE3-DB01-D
PF--_E_00197_SE_01_A_01_DF_01,http://hdl.handle.net/10932/00-027B-89F3-A573-DC01-6
PF--_E_00197,http://hdl.handle.net/10932/00-027B-89F3-CBC3-DD01-9
PF--_E_00198_SE_01_A_01_DF_01,http://hdl.handle.net/10932/00-027B-89F3-F233-DE01-1
PF--_E_00198_SE_01_T_01,http://hdl.handle.net/10932/00-027B-89F4-D473-DF01-C
PF--_E_00198,http://hdl.handle.net/10932/00-027B-89F4-FEB3-E001-5
PF--_E_00199_SE_01_T_01,http://hdl.handle.net/10932/00-027B-89F5-2B93-E101-2
PF--_E_00199_SE_01_A_01_DF_01,http://hdl.handle.net/10932/00-027B-89F5-49D3-E201-9
PF--_E_00199,http://hdl.handle.net/10932/00-027B-89F5-7213-E301-9
PF--_E_00200_SE_01_A_01_DF_01,http://hdl.handle.net/10932/00-027B-89F5-9923-E401-7
PF--_E_00200_SE_01_T_01,http://hdl.handle.net/10932/00-027B-89F6-8883-E501-E
PF--_E_00200,http://hdl.handle.net/10932/00-027B-89F7-7253-E601-8
PF--_E_00201_SE_01_T_01,http://hdl.handle.net/10932/00-027B-89F7-9863-E701-E
PF--_E_00201_SE_01_A_01_DF_01,http://hdl.handle.net/10932/00-027B-89F7-C533-E801-8
PF--_E_00201,http://hdl.handle.net/10932/00-027B-89F7-EBB3-E901-7
PF--_E_00202_SE_01_A_01_DF_01,http://hdl.handle.net/10932/00-027B-89F8-CBB3-EA01-0
PF--_E_00202_SE_01_T_01,http://hdl.handle.net/10932/00-027B-89F8-EB83-EB01-4
PF--_E_00202,http://hdl.handle.net/10932/00-027B-89F9-0E23-EC01-1
PF--_E_00203_SE_01_T_01,http://hdl.handle.net/10932/00-027B-89F9-2BB3-ED01-0
PF--_E_00203_SE_01_A_01_DF_01,http://hdl.handle.net/10932/00-027B-89FA-1213-EE01-A
PF--_E_00203,http://hdl.handle.net/10932/00-027B-89FA-3223-EF01-5
PF--_E_00204_SE_01_T_01,http://hdl.handle.net/10932/00-027B-89FA-5903-F001-F
PF--_E_00204_SE_01_A_01_DF_01,http://hdl.handle.net/10932/00-027B-89FA-7EA3-F101-E
PF--_E_00204,http://hdl.handle.net/10932/00-027B-89FA-A533-F201-1
PF--_E_00205_SE_01_A_01_DF_01,http://hdl.handle.net/10932/00-027B-89FA-C483-F301-9
PF--_E_00205_SE_01_T_01,http://hdl.handle.net/10932/00-027B-89FA-EB63-F401-7
PF--_E_00205,http://hdl.handle.net/10932/00-027B-89FB-0773-F501-5
PF--_E_00206_SE_01_A_01_DF_01,http://hdl.handle.net/10932/00-027B-89FB-3233-F601-4
PF--_E_00206_SE_01_T_01,http://hdl.handle.net/10932/00-027B-89FB-5433-F701-0
PF--_E_00206,http://hdl.handle.net/10932/00-027B-89FB-7F23-F801-4
PF--_E_00207_SE_01_T_01,http://hdl.handle.net/10932/00-027B-89FB-A543-F901-6
PF--_E_00207_SE_01_A_01_DF_01,http://hdl.handle.net/10932/00-027B-89FB-D2D3-FA01-B
PF--_E_00207,http://hdl.handle.net/10932/00-027B-89FB-FE93-FB01-1
PF--_E_00208_SE_01_A_01_DF_01,http://hdl.handle.net/10932/00-027B-89FC-31A3-FC01-0
PF--_E_00208_SE_01_T_01,http://hdl.handle.net/10932/00-027B-89FC-57C3-FD01-D
PF--_E_00208,http://hdl.handle.net/10932/00-027B-89FC-7C43-FE01-F
PF--_E_00209_SE_01_T_01,http://hdl.handle.net/10932/00-027B-89FC-A6F3-FF01-4
PF--_E_00209_SE_01_A_01_DF_01,http://hdl.handle.net/10932/00-027B-89FC-D7B4-0001-E
PF--_E_00209,http://hdl.handle.net/10932/00-027B-89FC-FDF4-0101-8
PF--_E_00210_SE_01_T_01,http://hdl.handle.net/10932/00-027B-89FD-DC14-0201-F
PF--_E_00210_SE_01_A_01_DF_01,http://hdl.handle.net/10932/00-027B-89FE-0C54-0301-E
PF--_E_00210,http://hdl.handle.net/10932/00-027B-89FE-2834-0401-D
PF--_E_00211_SE_01_A_01_DF_01,http://hdl.handle.net/10932/00-027B-89FE-51D4-0501-0
PF--_E_00211_SE_01_T_01,http://hdl.handle.net/10932/00-027B-89FE-7244-0601-1
PF--_E_00211,http://hdl.handle.net/10932/00-027B-89FE-9794-0701-7
PF--_E_00212_SE_01_T_01,http://hdl.handle.net/10932/00-027B-89FE-B554-0801-0
PF--_E_00212_SE_01_A_01_DF_01,http://hdl.handle.net/10932/00-027B-89FE-DED4-0901-0
PF--_E_00212,http://hdl.handle.net/10932/00-027B-89FF-0524-0A01-0
PF--_E_00213_SE_01_A_01_DF_01,http://hdl.handle.net/10932/00-027B-89FF-2BA4-0B01-B
PF--_E_00213_SE_01_T_01,http://hdl.handle.net/10932/00-027B-89FF-5224-0C01-B
PF--_E_00213,http://hdl.handle.net/10932/00-027B-89FF-7224-0D01-A
PF--_E_00214_SE_01_T_01,http://hdl.handle.net/10932/00-027B-8A00-5274-0E01-2
PF--_E_00214_SE_01_A_01_DF_01,http://hdl.handle.net/10932/00-027B-8A00-8534-0F01-7
PF--_E_00214,http://hdl.handle.net/10932/00-027B-8A00-A224-1001-C
PF--_E_00215_SE_01_A_01_DF_01,http://hdl.handle.net/10932/00-027B-8A00-D214-1101-0
PF--_E_00215_SE_01_T_01,http://hdl.handle.net/10932/00-027B-8A00-F7D4-1201-4
PF--_E_00215,http://hdl.handle.net/10932/00-027B-8A01-1854-1301-5
PF--_E_00216_SE_01_A_01_DF_01,http://hdl.handle.net/10932/00-027B-8A01-3F14-1401-D
PF--_E_00216_SE_01_T_01,http://hdl.handle.net/10932/00-027B-8A01-6124-1501-5
PF--_E_00216,http://hdl.handle.net/10932/00-027B-8A01-8014-1601-C
PF--_E_00217_SE_01_T_01,http://hdl.handle.net/10932/00-027B-8A01-A574-1701-9
PF--_E_00217_SE_01_A_01_DF_01,http://hdl.handle.net/10932/00-027B-8A01-C0A4-1801-7
PF--_E_00217,http://hdl.handle.net/10932/00-027B-8A01-E594-1901-7
PF--_E_00218_SE_01_T_01,http://hdl.handle.net/10932/00-027B-8A02-1A14-1A01-F
PF--_E_00218_SE_01_A_01_DF_01,http://hdl.handle.net/10932/00-027B-8A02-3EB4-1B01-B
PF--_E_00218,http://hdl.handle.net/10932/00-027B-8A02-5ED4-1C01-2
PF--_E_00219_SE_01_A_01_DF_01,http://hdl.handle.net/10932/00-027B-8A02-8584-1D01-1
PF--_E_00219_SE_01_T_01,http://hdl.handle.net/10932/00-027B-8A02-A0C4-1E01-1
PF--_E_00219,http://hdl.handle.net/10932/00-027B-8A02-C214-1F01-1
PF--_E_00220_SE_01_A_01_DF_01,http://hdl.handle.net/10932/00-027B-8A02-EBB4-2001-0
PF--_E_00220_SE_01_T_01,http://hdl.handle.net/10932/00-027B-8A03-1924-2101-5
PF--_E_00220,http://hdl.handle.net/10932/00-027B-8A03-3F44-2201-F
PF--_E_00221_SE_01_T_01,http://hdl.handle.net/10932/00-027B-8A03-6504-2301-3
PF--_E_00221_SE_01_A_01_DF_01,http://hdl.handle.net/10932/00-027B-8A03-8204-2401-3
PF--_E_00221,http://hdl.handle.net/10932/00-027B-8A03-A194-2501-C
PF--_E_00222_SE_01_A_01_DF_01,http://hdl.handle.net/10932/00-027B-8A03-CC04-2601-C
PF--_E_00222_SE_01_T_01,http://hdl.handle.net/10932/00-027B-8A03-F244-2701-5
PF--_E_00222,http://hdl.handle.net/10932/00-027B-8A04-18A4-2801-D
PF--_E_00223_SE_01_T_01,http://hdl.handle.net/10932/00-027B-8A04-3894-2901-3
PF--_E_00223_SE_01_A_01_DF_01,http://hdl.handle.net/10932/00-027B-8A04-5EC4-2A01-2
PF--_E_00223,http://hdl.handle.net/10932/00-027B-8A04-7B64-2B01-A
PF--_E_00224_SE_01_A_01_DF_01,http://hdl.handle.net/10932/00-027B-8A04-A544-2C01-D
PF--_E_00224_SE_01_T_01,http://hdl.handle.net/10932/00-027B-8A04-C7A4-2D01-1
PF--_E_00224,http://hdl.handle.net/10932/00-027B-8A04-F1F4-2E01-D
PF--_E_00225_SE_01_T_01,http://hdl.handle.net/10932/00-027B-8A05-1844-2F01-9
PF--_E_00225_SE_01_A_01_DF_01,http://hdl.handle.net/10932/00-027B-8A05-4B34-3001-A
PF--_E_00225,http://hdl.handle.net/10932/00-027B-8A05-7214-3101-4
PF--_E_00226_SE_01_T_01,http://hdl.handle.net/10932/00-027B-8A05-A354-3201-D
PF--_E_00226_SE_01_A_01_DF_01,http://hdl.handle.net/10932/00-027B-8A05-C614-3301-0
PF--_E_00226,http://hdl.handle.net/10932/00-027B-8A05-E574-3401-4
PF--_E_00227_SE_01_A_01_DF_01,http://hdl.handle.net/10932/00-027B-8A06-0584-3501-4
PF--_E_00227_SE_01_T_01,http://hdl.handle.net/10932/00-027B-8A06-2C04-3601-1
PF--_E_00227,http://hdl.handle.net/10932/00-027B-8A06-5804-3701-2
PF--_E_00228_SE_01_A_01_DF_01,http://hdl.handle.net/10932/00-027B-8A06-8834-3801-2
PF--_E_00228_SE_01_T_01,http://hdl.handle.net/10932/00-027B-8A06-B254-3901-2
PF--_E_00228,http://hdl.handle.net/10932/00-027B-8A06-D844-3A01-6
PF--_E_00229_SE_01_T_01,http://hdl.handle.net/10932/00-027B-8A07-BEC4-3B01-1
PF--_E_00229_SE_01_A_01_DF_01,http://hdl.handle.net/10932/00-027B-8A07-E544-3C01-9
PF--_E_00229,http://hdl.handle.net/10932/00-027B-8A07-FF64-3D01-6
PF--_E_00230_SE_01_A_01_DF_01,http://hdl.handle.net/10932/00-027B-8A08-24E4-3E01-8
PF--_E_00230_SE_01_T_01,http://hdl.handle.net/10932/00-027B-8A08-4154-3F01-4
PF--_E_00230,http://hdl.handle.net/10932/00-027B-8A08-6564-4001-E
PF--_E_00231_SE_01_T_01,http://hdl.handle.net/10932/00-027B-8A08-9234-4101-5
PF--_E_00231_SE_01_A_01_DF_01,http://hdl.handle.net/10932/00-027B-8A08-B8A4-4201-7
PF--_E_00231,http://hdl.handle.net/10932/00-027B-8A09-9ED4-4301-0
PF--_E_00232_SE_01_T_01,http://hdl.handle.net/10932/00-027B-8A09-BED4-4401-E
PF--_E_00232_SE_01_A_01_DF_01,http://hdl.handle.net/10932/00-027B-8A09-E5A4-4501-2
PF--_E_00232,http://hdl.handle.net/10932/00-027B-8A0A-0B74-4601-4
PF--_E_00233_SE_01_A_01_DF_01,http://hdl.handle.net/10932/00-027B-8A0A-40A4-4701-9
PF--_E_00233_SE_01_T_01,http://hdl.handle.net/10932/00-027B-8A0A-5AD4-4801-3
PF--_E_00233,http://hdl.handle.net/10932/00-027B-8A0A-7E34-4901-B
PF--_E_00234_SE_01_T_01,http://hdl.handle.net/10932/00-027B-8A0A-A4B4-4A01-6
PF--_E_00234_SE_01_A_01_DF_01,http://hdl.handle.net/10932/00-027B-8A0A-CC44-4B01-C
PF--_E_00234,http://hdl.handle.net/10932/00-027B-8A0B-B1E4-4C01-E
PF--_E_00235_SE_01_A_01_DF_01,http://hdl.handle.net/10932/00-027B-8A0B-D1E4-4D01-8
PF--_E_00235_SE_01_T_01,http://hdl.handle.net/10932/00-027B-8A0B-F154-4E01-C
PF--_E_00235,http://hdl.handle.net/10932/00-027B-8A0C-1484-4F01-7
PF--_E_00236_SE_01_T_01,http://hdl.handle.net/10932/00-027B-8A0C-3854-5001-8
PF--_E_00236_SE_01_A_01_DF_01,http://hdl.handle.net/10932/00-027B-8A0D-1FC4-5101-B
PF--_E_00236,http://hdl.handle.net/10932/00-027B-8A0D-5194-5201-3
PF--_E_00237_SE_01_A_01_DF_01,http://hdl.handle.net/10932/00-027B-8A0D-77F4-5301-7
PF--_E_00237_SE_01_T_01,http://hdl.handle.net/10932/00-027B-8A0D-9E44-5401-3
PF--_E_00237,http://hdl.handle.net/10932/00-027B-8A0D-C774-5501-7
PF--_E_00238_SE_01_A_01_DF_01,http://hdl.handle.net/10932/00-027B-8A0D-EE34-5601-B
PF--_E_00238_SE_01_T_01,http://hdl.handle.net/10932/00-027B-8A0E-1884-5701-3
PF--_E_00238,http://hdl.handle.net/10932/00-027B-8A0E-3E84-5801-1
PF--_E_00239_SE_01_T_01,http://hdl.handle.net/10932/00-027B-8A0E-5EB4-5901-0
PF--_E_00239_SE_01_A_01_DF_01,http://hdl.handle.net/10932/00-027B-8A0F-5254-5A01-3
PF--_E_00239,http://hdl.handle.net/10932/00-027B-8A10-29C4-5B01-0
PF--_E_00240_SE_01_T_01,http://hdl.handle.net/10932/00-027B-8A10-5294-5C01-5
PF--_E_00240_SE_01_A_01_DF_01,http://hdl.handle.net/10932/00-027B-8A10-7254-5D01-4
PF--_E_00240,http://hdl.handle.net/10932/00-027B-8A11-58A4-5E01-D
PF--_E_00241_SE_01_A_01_DF_01,http://hdl.handle.net/10932/00-027B-8A11-78E4-5F01-B
PF--_E_00241_SE_01_T_01,http://hdl.handle.net/10932/00-027B-8A11-9EE4-6001-0
PF--_E_00241,http://hdl.handle.net/10932/00-027B-8A11-F234-6101-4
PF--_E_00242_SE_01_A_01_DF_01,http://hdl.handle.net/10932/00-027B-8A12-D214-6201-4
PF--_E_00242_SE_01_T_01,http://hdl.handle.net/10932/00-027B-8A14-0C24-6301-D
PF--_E_00242,http://hdl.handle.net/10932/00-027B-8A14-3754-6401-0
PF--_E_00243_SE_01_T_01,http://hdl.handle.net/10932/00-027B-8A14-64A4-6501-5
PF--_E_00243_SE_01_A_01_DF_01,http://hdl.handle.net/10932/00-027B-8A14-8B14-6601-D
PF--_E_00243,http://hdl.handle.net/10932/00-027B-8A14-BDB4-6701-9
PF--_E_00244_SE_01_A_01_DF_01,http://hdl.handle.net/10932/00-027B-8A14-E804-6801-B
PF--_E_00244_SE_01_T_01,http://hdl.handle.net/10932/00-027B-8A15-DFB4-6901-D
PF--_E_00244,http://hdl.handle.net/10932/00-027B-8A16-04C4-6A01-7
PF--_E_00245_SE_01_T_01,http://hdl.handle.net/10932/00-027B-8A16-2764-6B01-9
PF--_E_00245_SE_01_A_01_DF_01,http://hdl.handle.net/10932/00-027B-8A16-4434-6C01-9
PF--_E_00245,http://hdl.handle.net/10932/00-027B-8A17-1EB4-6D01-3
PF--_E_00246_SE_01_A_01_DF_01,http://hdl.handle.net/10932/00-027B-8A17-3A04-6E01-3
PF--_E_00246_SE_01_T_01,http://hdl.handle.net/10932/00-027B-8A17-55C4-6F01-D
PF--_E_00246,http://hdl.handle.net/10932/00-027B-8A17-7B14-7001-C
PF--_E_00247_SE_01_T_01,http://hdl.handle.net/10932/00-027B-8A17-9B34-7101-3
PF--_E_00247_SE_01_A_01_DF_01,http://hdl.handle.net/10932/00-027B-8A17-B4A4-7201-2
PF--_E_00247,http://hdl.handle.net/10932/00-027B-8A17-CDC4-7301-D
PF--_E_00248_SE_01_T_01,http://hdl.handle.net/10932/00-027B-8A18-ABF4-7401-1
PF--_E_00248_SE_01_A_01_DF_01,http://hdl.handle.net/10932/00-027B-8A18-C964-7501-6
PF--_E_00248,http://hdl.handle.net/10932/00-027B-8A18-F7F4-7601-F
PF--_E_00249_SE_01_A_01_DF_01,http://hdl.handle.net/10932/00-027B-8A19-2854-7701-2
PF--_E_00249_SE_01_T_01,http://hdl.handle.net/10932/00-027B-8A19-5184-7801-1
PF--_E_00249,http://hdl.handle.net/10932/00-027B-8A19-7894-7901-1
PF--_E_00250_SE_01_T_01,http://hdl.handle.net/10932/00-027B-8A19-A584-7A01-0
PF--_E_00250_SE_01_A_01_DF_01,http://hdl.handle.net/10932/00-027B-8A19-D524-7B01-B
PF--_E_00250,http://hdl.handle.net/10932/00-027B-8A1A-BA84-7C01-0
PF--_E_00251_SE_01_A_01_DF_01,http://hdl.handle.net/10932/00-027B-8A1B-B2E4-7D01-6
PF--_E_00251_SE_01_T_01,http://hdl.handle.net/10932/00-027B-8A1B-D874-7E01-F
PF--_E_00251,http://hdl.handle.net/10932/00-027B-8A1B-FF44-7F01-C
PF--_E_00252_SE_01_A_01_DF_01,http://hdl.handle.net/10932/00-027B-8A1C-2244-8001-8
PF--_E_00252_SE_01_T_01,http://hdl.handle.net/10932/00-027B-8A1C-4524-8101-3
PF--_E_00252,http://hdl.handle.net/10932/00-027B-8A1C-64F4-8201-F
PF--_E_00253_SE_01_T_01,http://hdl.handle.net/10932/00-027B-8A1C-8914-8301-5
PF--_E_00253_SE_01_A_01_DF_01,http://hdl.handle.net/10932/00-027B-8A1C-A534-8401-F
PF--_E_00253,http://hdl.handle.net/10932/00-027B-8A1D-80F4-8501-0
PF--_E_00254_SE_01_T_01,http://hdl.handle.net/10932/00-027B-8A1D-A714-8601-2
PF--_E_00254_SE_01_A_01_DF_01,http://hdl.handle.net/10932/00-027B-8A1D-D824-8701-B
PF--_E_00254,http://hdl.handle.net/10932/00-027B-8A1D-FE84-8801-A
PF--_E_00255_SE_01_A_01_DF_01,http://hdl.handle.net/10932/00-027B-8A1E-3424-8901-5
PF--_E_00255_SE_01_T_01,http://hdl.handle.net/10932/00-027B-8A1E-5944-8A01-B
PF--_E_00255,http://hdl.handle.net/10932/00-027B-8A1E-7FB4-8B01-C
PF--_E_00256_SE_01_T_01,http://hdl.handle.net/10932/00-027B-8A1E-B464-8C01-6
PF--_E_00256_SE_01_A_01_DF_01,http://hdl.handle.net/10932/00-027B-8A1E-D9D4-8D01-0
PF--_E_00256,http://hdl.handle.net/10932/00-027B-8A1E-F324-8E01-C
PF--_E_00257_SE_01_A_01_DF_01,http://hdl.handle.net/10932/00-027B-8A1F-0EE4-8F01-3
PF--_E_00257_SE_01_T_01,http://hdl.handle.net/10932/00-027B-8A1F-4CC4-9001-5
PF--_E_00257,http://hdl.handle.net/10932/00-027B-8A1F-6C44-9101-A
PF--_E_00258_SE_01_T_01,http://hdl.handle.net/10932/00-027B-8A1F-8E34-9201-C
PF--_E_00258_SE_01_A_01_DF_01,http://hdl.handle.net/10932/00-027B-8A1F-AE94-9301-C
PF--_E_00258,http://hdl.handle.net/10932/00-027B-8A1F-D8A4-9401-F
PF--_E_00259_SE_01_A_01_DF_01,http://hdl.handle.net/10932/00-027B-8A1F-F884-9501-C
PF--_E_00259_SE_01_T_01,http://hdl.handle.net/10932/00-027B-8A20-18D4-9601-8
PF--_E_00259,http://hdl.handle.net/10932/00-027B-8A20-3114-9701-4
PF--_E_00260_SE_01_A_01_DF_01,http://hdl.handle.net/10932/00-027B-8A20-5264-9801-4
PF--_E_00260_SE_01_T_01,http://hdl.handle.net/10932/00-027B-8A20-7224-9901-8
PF--_E_00260,http://hdl.handle.net/10932/00-027B-8A20-8D44-9A01-5
PF--_E_00261_SE_01_T_01,http://hdl.handle.net/10932/00-027B-8A20-AE94-9B01-5
PF--_E_00261_SE_01_A_01_DF_01,http://hdl.handle.net/10932/00-027B-8A20-D874-9C01-0
PF--_E_00261,http://hdl.handle.net/10932/00-027B-8A20-FDC4-9D01-0
PF--_E_00262_SE_01_T_01,http://hdl.handle.net/10932/00-027B-8A21-1DE4-9E01-C
PF--_E_00262_SE_01_A_01_DF_01,http://hdl.handle.net/10932/00-027B-8A21-4134-9F01-7
PF--_E_00262,http://hdl.handle.net/10932/00-027B-8A21-66C4-A001-0
PF--_E_00263_SE_01_A_01_DF_01,http://hdl.handle.net/10932/00-027B-8A21-8A84-A101-A
PF--_E_00263_SE_01_T_01,http://hdl.handle.net/10932/00-027B-8A21-A5A4-A201-2
PF--_E_00263,http://hdl.handle.net/10932/00-027B-8A21-C124-A301-D
PF--_E_00264_SE_01_A_01_DF_01,http://hdl.handle.net/10932/00-027B-8A21-DA64-A401-8
PF--_E_00264_SE_01_T_01,http://hdl.handle.net/10932/00-027B-8A22-00B4-A501-6
PF--_E_00264,http://hdl.handle.net/10932/00-027B-8A22-1CD4-A601-6
PF--_E_00265_SE_01_T_01,http://hdl.handle.net/10932/00-027B-8A22-3CF4-A701-5
PF--_E_00265_SE_01_A_01_DF_01,http://hdl.handle.net/10932/00-027B-8A22-59F4-A801-A
PF--_E_00265,http://hdl.handle.net/10932/00-027B-8A22-7904-A901-F
PF--_E_00266_SE_01_A_01_DF_01,http://hdl.handle.net/10932/00-027B-8A22-BFE4-AA01-1
PF--_E_00266_SE_01_T_01,http://hdl.handle.net/10932/00-027B-8A22-E4F4-AB01-6
PF--_E_00266,http://hdl.handle.net/10932/00-027B-8A23-0AD4-AC01-1
PF--_E_00267_SE_01_T_01,http://hdl.handle.net/10932/00-027B-8A23-3234-AD01-2
PF--_E_00267_SE_01_A_01_DF_01,http://hdl.handle.net/10932/00-027B-8A23-5544-AE01-6
PF--_E_00267,http://hdl.handle.net/10932/00-027B-8A23-74A4-AF01-1
PF--_E_00268_SE_01_A_01_DF_01,http://hdl.handle.net/10932/00-027B-8A24-5544-B001-A
PF--_E_00268_SE_01_T_01,http://hdl.handle.net/10932/00-027B-8A24-9344-B101-A
PF--_E_00268,http://hdl.handle.net/10932/00-027B-8A24-B824-B201-4
PF--_E_00269_SE_01_T_01,http://hdl.handle.net/10932/00-027B-8A24-EDB4-B301-D
PF--_E_00269_SE_01_A_01_DF_01,http://hdl.handle.net/10932/00-027B-8A25-1B24-B401-4
PF--_E_00269,http://hdl.handle.net/10932/00-027B-8A25-4034-B501-B
PF--_E_00270_SE_01_T_01,http://hdl.handle.net/10932/00-027B-8A25-6154-B601-2
PF--_E_00270_SE_01_A_01_DF_01,http://hdl.handle.net/10932/00-027B-8A25-8DC4-B701-7
PF--_E_00270,http://hdl.handle.net/10932/00-027B-8A25-B084-B801-5
PF--_E_00271_SE_01_A_01_DF_01,http://hdl.handle.net/10932/00-027B-8A25-DB74-B901-9
PF--_E_00271_SE_01_T_01,http://hdl.handle.net/10932/00-027B-8A25-FF94-BA01-D
PF--_E_00271,http://hdl.handle.net/10932/00-027B-8A26-2234-BB01-7
PF--_E_00272_SE_01_T_01,http://hdl.handle.net/10932/00-027B-8A27-02F4-BC01-6
PF--_E_00272_SE_01_A_01_DF_01,http://hdl.handle.net/10932/00-027B-8A27-2634-BD01-A
PF--_E_00272,http://hdl.handle.net/10932/00-027B-8A27-4844-BE01-C
PF--_E_00273_SE_01_A_01_DF_01,http://hdl.handle.net/10932/00-027B-8A27-6F44-BF01-E
PF--_E_00273_SE_01_T_01,http://hdl.handle.net/10932/00-027B-8A27-9794-C001-C
PF--_E_00273,http://hdl.handle.net/10932/00-027B-8A28-7084-C101-4
PF--_E_00274_SE_01_A_01_DF_01,http://hdl.handle.net/10932/00-027B-8A28-A0A4-C201-F
PF--_E_00274_SE_01_T_01,http://hdl.handle.net/10932/00-027B-8A28-C504-C301-6
PF--_E_00274,http://hdl.handle.net/10932/00-027B-8A28-E904-C401-3
PF--_E_00275_SE_01_T_01,http://hdl.handle.net/10932/00-027B-8A29-0CD4-C501-A
PF--_E_00275_SE_01_A_01_DF_01,http://hdl.handle.net/10932/00-027B-8A29-F384-C601-D
PF--_E_00275,http://hdl.handle.net/10932/00-027B-8A2B-0BB4-C701-8
PF--_E_00276_SE_01_T_01,http://hdl.handle.net/10932/00-027B-8A2B-2C04-C801-A
PF--_E_00276_SE_01_A_01_DF_01,http://hdl.handle.net/10932/00-027B-8A2B-4BC4-C901-2
PF--_E_00276,http://hdl.handle.net/10932/00-027B-8A2C-3074-CA01-3
PF--_E_00277_SE_01_A_01_DF_01,http://hdl.handle.net/10932/00-027B-8A2C-53A4-CB01-C
PF--_E_00277_SE_01_T_01,http://hdl.handle.net/10932/00-027B-8A2D-36B4-CC01-F
PF--_E_00277,http://hdl.handle.net/10932/00-027B-8A2D-5894-CD01-3
PF--_E_00278_SE_01_T_01,http://hdl.handle.net/10932/00-027B-8A2E-4524-CE01-7
PF--_E_00278_SE_01_A_01_DF_01,http://hdl.handle.net/10932/00-027B-8A2E-6C14-CF01-8
PF--_E_00278,http://hdl.handle.net/10932/00-027B-8A2E-A944-D001-8
PF--_E_00279_SE_01_A_01_DF_01,http://hdl.handle.net/10932/00-027B-8A2E-E934-D101-1
PF--_E_00279_SE_01_T_01,http://hdl.handle.net/10932/00-027B-8A2F-1C84-D201-6
PF--_E_00279,http://hdl.handle.net/10932/00-027B-8A2F-44C4-D301-A
PF--_E_00280_SE_01_A_01_DF_01,http://hdl.handle.net/10932/00-027B-8A2F-6B34-D401-0
PF--_E_00280_SE_01_T_01,http://hdl.handle.net/10932/00-027B-8A2F-93F4-D501-1
PF--_E_00280,http://hdl.handle.net/10932/00-027B-8A2F-C724-D601-1
PF--_E_00281_SE_01_T_01,http://hdl.handle.net/10932/00-027B-8A30-A384-D701-F
PF--_E_00281_SE_01_A_01_DF_01,http://hdl.handle.net/10932/00-027B-8A30-D264-D801-0
PF--_E_00281,http://hdl.handle.net/10932/00-027B-8A30-F134-D901-9
PF--_E_00282_SE_01_A_01_DF_01,http://hdl.handle.net/10932/00-027B-8A31-D934-DA01-5
PF--_E_00282_SE_01_T_01,http://hdl.handle.net/10932/00-027B-8A32-0DA4-DB01-2
PF--_E_00282,http://hdl.handle.net/10932/00-027B-8A32-EE64-DC01-8
PF--_E_00283_SE_01_T_01,http://hdl.handle.net/10932/00-027B-8A33-2054-DD01-3
PF--_E_00283_SE_01_A_01_DF_01,http://hdl.handle.net/10932/00-027B-8A33-5954-DE01-3
PF--_E_00283,http://hdl.handle.net/10932/00-027B-8A33-7F04-DF01-3
PF--_E_00284_SE_01_T_01,http://hdl.handle.net/10932/00-027B-8A33-A1A4-E001-4
PF--_E_00284_SE_01_A_01_DF_01,http://hdl.handle.net/10932/00-027B-8A33-CC54-E101-F
PF--_E_00284,http://hdl.handle.net/10932/00-027B-8A33-E6D4-E201-8
PF--_E_00285_SE_01_A_01_DF_01,http://hdl.handle.net/10932/00-027B-8A34-0B34-E301-5
PF--_E_00285_SE_01_T_01,http://hdl.handle.net/10932/00-027B-8A34-3214-E401-C
PF--_E_00285,http://hdl.handle.net/10932/00-027B-8A34-4E54-E501-4
PF--_E_00286_SE_01_A_01_DF_01,http://hdl.handle.net/10932/00-027B-8A34-7414-E601-B
PF--_E_00286_SE_01_T_01,http://hdl.handle.net/10932/00-027B-8A35-5234-E701-1
PF--_E_00286,http://hdl.handle.net/10932/00-027B-8A35-7874-E801-7
PF--_E_00287_SE_01_T_01,http://hdl.handle.net/10932/00-027B-8A35-9F24-E901-D
PF--_E_00287_SE_01_A_01_DF_01,http://hdl.handle.net/10932/00-027B-8A35-BA74-EA01-7
PF--_E_00287,http://hdl.handle.net/10932/00-027B-8A35-EA24-EB01-3
PF--_E_00288_SE_01_A_01_DF_01,http://hdl.handle.net/10932/00-027B-8A36-0C34-EC01-1
PF--_E_00288_SE_01_T_01,http://hdl.handle.net/10932/00-027B-8A36-3234-ED01-4
PF--_E_00288,http://hdl.handle.net/10932/00-027B-8A36-54F4-EE01-A
PF--_E_00289_SE_01_T_01,http://hdl.handle.net/10932/00-027B-8A36-78D4-EF01-6
PF--_E_00289_SE_01_A_01_DF_01,http://hdl.handle.net/10932/00-027B-8A36-98B4-F001-E
PF--_E_00289,http://hdl.handle.net/10932/00-027B-8A37-B8E4-F101-C
PF--_E_00290_SE_01_T_01,http://hdl.handle.net/10932/00-027B-8A37-DF24-F201-8
PF--_E_00290_SE_01_A_01_DF_01,http://hdl.handle.net/10932/00-027B-8A38-C574-F301-9
PF--_E_00290,http://hdl.handle.net/10932/00-027B-8A38-EBE4-F401-8
PF--_E_00291_SE_01_A_01_DF_01,http://hdl.handle.net/10932/00-027B-8A39-06E4-F501-0
PF--_E_00291_SE_01_T_01,http://hdl.handle.net/10932/00-027B-8A39-EEC4-F601-F
PF--_E_00291,http://hdl.handle.net/10932/00-027B-8A3A-0DF4-F701-9
PF--_E_00292_SE_01_T_01,http://hdl.handle.net/10932/00-027B-8A3A-EE44-F801-5
PF--_E_00292_SE_01_A_01_DF_01,http://hdl.handle.net/10932/00-027B-8A3B-18A4-F901-D
PF--_E_00292,http://hdl.handle.net/10932/00-027B-8A3B-3694-FA01-9
PF--_E_00293_SE_01_A_01_DF_01,http://hdl.handle.net/10932/00-027B-8A3B-5894-FB01-E
PF--_E_00293_SE_01_T_01,http://hdl.handle.net/10932/00-027B-8A3B-7F44-FC01-A
PF--_E_00293,http://hdl.handle.net/10932/00-027B-8A3B-9A24-FD01-0
PF--_E_00294_SE_01_T_01,http://hdl.handle.net/10932/00-027B-8A3C-7F34-FE01-5
PF--_E_00294_SE_01_A_01_DF_01,http://hdl.handle.net/10932/00-027B-8A3C-A5A4-FF01-A
PF--_E_00294,http://hdl.handle.net/10932/00-027B-8A3D-7F35-0001-7
PF--_E_00295_SE_01_A_01_DF_01,http://hdl.handle.net/10932/00-027B-8A3D-AC25-0101-2
PF--_E_00295_SE_01_T_01,http://hdl.handle.net/10932/00-027B-8A3D-C8C5-0201-D
PF--_E_00295,http://hdl.handle.net/10932/00-027B-8A3D-E8A5-0301-E
PF--_E_00296_SE_01_A_01_DF_01,http://hdl.handle.net/10932/00-027B-8A3E-09B5-0401-3
PF--_E_00296_SE_01_T_01,http://hdl.handle.net/10932/00-027B-8A3E-41D5-0501-0
PF--_E_00296,http://hdl.handle.net/10932/00-027B-8A3E-6CF5-0601-5
PF--_E_00297_SE_01_T_01,http://hdl.handle.net/10932/00-027B-8A3E-9255-0701-D
PF--_E_00297_SE_01_A_01_DF_01,http://hdl.handle.net/10932/00-027B-8A3E-B8B5-0801-B
PF--_E_00297,http://hdl.handle.net/10932/00-027B-8A3E-D8A5-0901-A
PF--_E_00298_SE_01_T_01,http://hdl.handle.net/10932/00-027B-8A3E-FDB5-0A01-A
PF--_E_00298_SE_01_A_01_DF_01,http://hdl.handle.net/10932/00-027B-8A3F-22A5-0B01-3
PF--_E_00298,http://hdl.handle.net/10932/00-027B-8A3F-3FB5-0C01-8
PF--_E_00299_SE_01_A_01_DF_01,http://hdl.handle.net/10932/00-027B-8A3F-5DB5-0D01-C
PF--_E_00299_SE_01_T_01,http://hdl.handle.net/10932/00-027B-8A3F-7C15-0E01-7
PF--_E_00299,http://hdl.handle.net/10932/00-027B-8A3F-A2E5-0F01-D
PF--_E_00300_SE_01_T_01,http://hdl.handle.net/10932/00-027B-8A3F-DA45-1001-E
PF--_E_00300_SE_01_A_01_DF_01,http://hdl.handle.net/10932/00-027B-8A40-1625-1101-6
PF--_E_00300,http://hdl.handle.net/10932/00-027B-8A40-4965-1201-E
PF--_E_00301_SE_01_A_01_DF_01,http://hdl.handle.net/10932/00-027B-8A40-71C5-1301-E
PF--_E_00301_SE_01_T_01,http://hdl.handle.net/10932/00-027B-8A40-9615-1401-4
PF--_E_00301,http://hdl.handle.net/10932/00-027B-8A40-CB85-1501-A
PF--_E_00302_SE_01_T_01,http://hdl.handle.net/10932/00-027B-8A40-E705-1601-3
PF--_E_00302_SE_01_A_01_DF_01,http://hdl.handle.net/10932/00-027B-8A41-0E15-1701-1
PF--_E_00302,http://hdl.handle.net/10932/00-027B-8A41-F275-1801-6
PF--_E_00303_SE_01_A_01_DF_01,http://hdl.handle.net/10932/00-027B-8A42-1315-1901-4
PF--_E_00303_SE_01_T_01,http://hdl.handle.net/10932/00-027B-8A42-3265-1A01-F
PF--_E_00303,http://hdl.handle.net/10932/00-027B-8A42-5C65-1B01-8
PF--_E_00304_SE_01_A_01_DF_01,http://hdl.handle.net/10932/00-027B-8A42-81E5-1C01-4
PF--_E_00304_SE_01_T_01,http://hdl.handle.net/10932/00-027B-8A42-9BF5-1D01-2
PF--_E_00304,http://hdl.handle.net/10932/00-027B-8A42-BAC5-1E01-8
PF--_E_00305_SE_01_T_01,http://hdl.handle.net/10932/00-027B-8A42-E525-1F01-5
PF--_E_00305_SE_01_A_01_DF_01,http://hdl.handle.net/10932/00-027B-8A43-0165-2001-C
PF--_E_00305,http://hdl.handle.net/10932/00-027B-8A43-4C55-2101-F
PF--_E_00306_SE_01_T_01,http://hdl.handle.net/10932/00-027B-8A43-6655-2201-8
PF--_E_00306_SE_01_A_01_DF_01,http://hdl.handle.net/10932/00-027B-8A43-8545-2301-0
PF--_E_00306,http://hdl.handle.net/10932/00-027B-8A43-ABD5-2401-1
PF--_E_00307_SE_01_A_01_DF_01,http://hdl.handle.net/10932/00-027B-8A43-C935-2501-D
PF--_E_00307_SE_01_T_01,http://hdl.handle.net/10932/00-027B-8A43-E655-2601-3
PF--_E_00307,http://hdl.handle.net/10932/00-027B-8A44-0255-2701-D
PF--_E_00308_SE_01_T_01,http://hdl.handle.net/10932/00-027B-8A44-2575-2801-9
PF--_E_00308_SE_01_A_01_DF_01,http://hdl.handle.net/10932/00-027B-8A44-4C65-2901-D
PF--_E_00308,http://hdl.handle.net/10932/00-027B-8A44-7075-2A01-4
PF--_E_00309_SE_01_A_01_DF_01,http://hdl.handle.net/10932/00-027B-8A44-9905-2B01-3
PF--_E_00309_SE_01_T_01,http://hdl.handle.net/10932/00-027B-8A44-C545-2C01-4
PF--_E_00309,http://hdl.handle.net/10932/00-027B-8A44-EC45-2D01-E
PF--_E_00310_SE_01_A_01_DF_01,http://hdl.handle.net/10932/00-027B-8A45-0B35-2E01-7
PF--_E_00310_SE_01_T_01,http://hdl.handle.net/10932/00-027B-8A45-3855-2F01-3
PF--_E_00310,http://hdl.handle.net/10932/00-027B-8A45-60B5-3001-1
PF--_E_00311_SE_01_T_01,http://hdl.handle.net/10932/00-027B-8A45-85A5-3101-A
PF--_E_00311_SE_01_A_01_DF_01,http://hdl.handle.net/10932/00-027B-8A45-B245-3201-E
PF--_E_00311,http://hdl.handle.net/10932/00-027B-8A46-9885-3301-B
PF--_E_00312_SE_01_T_01,http://hdl.handle.net/10932/00-027B-8A47-8BC5-3401-D
PF--_E_00312_SE_01_A_01_DF_01,http://hdl.handle.net/10932/00-027B-8A47-B255-3501-6
PF--_E_00312,http://hdl.handle.net/10932/00-027B-8A47-D8A5-3601-9
PF--_E_00313_SE_01_A_01_DF_01,http://hdl.handle.net/10932/00-027B-8A48-BE05-3701-6
PF--_E_00313_SE_01_T_01,http://hdl.handle.net/10932/00-027B-8A48-E585-3801-5
PF--_E_00313,http://hdl.handle.net/10932/00-027B-8A49-0BC5-3901-3
PF--_E_00314_SE_01_A_01_DF_01,http://hdl.handle.net/10932/00-027B-8A49-3235-3A01-8
PF--_E_00314_SE_01_T_01,http://hdl.handle.net/10932/00-027B-8A49-58E5-3B01-F
PF--_E_00314,http://hdl.handle.net/10932/00-027B-8A49-74F5-3C01-2
PF--_E_00315_SE_01_T_01,http://hdl.handle.net/10932/00-027B-8A49-A0C5-3D01-6
PF--_E_00315_SE_01_A_01_DF_01,http://hdl.handle.net/10932/00-027B-8A49-C9D5-3E01-E
PF--_E_00315,http://hdl.handle.net/10932/00-027B-8A49-FA45-3F01-4
PF--_E_00316_SE_01_A_01_DF_01,http://hdl.handle.net/10932/00-027B-8A4A-3245-4001-F
PF--_E_00316_SE_01_T_01,http://hdl.handle.net/10932/00-027B-8A4A-4B15-4101-3
PF--_E_00316,http://hdl.handle.net/10932/00-027B-8A4A-6825-4201-7
PF--_E_00317_SE_01_T_01,http://hdl.handle.net/10932/00-027B-8A4B-4C25-4301-A
PF--_E_00317_SE_01_A_01_DF_01,http://hdl.handle.net/10932/00-027B-8A4B-6B95-4401-F
PF--_E_00317,http://hdl.handle.net/10932/00-027B-8A4B-9255-4501-5
PF--_E_00318_SE_01_A_01_DF_01,http://hdl.handle.net/10932/00-027B-8A4C-6B55-4601-A
PF--_E_00318_SE_01_T_01,http://hdl.handle.net/10932/00-027B-8A4C-8BF5-4701-6
PF--_E_00318,http://hdl.handle.net/10932/00-027B-8A4C-B2A5-4801-8
PF--_E_00319_SE_01_T_01,http://hdl.handle.net/10932/00-027B-8A4C-E295-4901-8
PF--_E_00319_SE_01_A_01_DF_01,http://hdl.handle.net/10932/00-027B-8A4D-00B5-4A01-3
PF--_E_00319,http://hdl.handle.net/10932/00-027B-8A4D-2595-4B01-7
PF--_E_00320_SE_01_T_01,http://hdl.handle.net/10932/00-027B-8A4E-0875-4C01-1
PF--_E_00320_SE_01_A_01_DF_01,http://hdl.handle.net/10932/00-027B-8A4E-2765-4D01-2
PF--_E_00320,http://hdl.handle.net/10932/00-027B-8A4E-4A55-4E01-6
PF--_E_00321_SE_01_A_01_DF_01,http://hdl.handle.net/10932/00-027B-8A4F-3285-4F01-F
PF--_E_00321_SE_01_T_01,http://hdl.handle.net/10932/00-027B-8A4F-58C5-5001-1
PF--_E_00321,http://hdl.handle.net/10932/00-027B-8A4F-7F25-5101-B
PF--_E_00322_SE_01_A_01_DF_01,http://hdl.handle.net/10932/00-027B-8A4F-A2E5-5201-0
PF--_E_00322_SE_01_T_01,http://hdl.handle.net/10932/00-027B-8A4F-DA25-5301-0
PF--_E_00322,http://hdl.handle.net/10932/00-027B-8A50-0B85-5401-B
PF--_E_00323_SE_01_T_01,http://hdl.handle.net/10932/00-027B-8A50-3B65-5501-7
PF--_E_00323_SE_01_A_01_DF_01,http://hdl.handle.net/10932/00-027B-8A50-6DC5-5601-2
PF--_E_00323,http://hdl.handle.net/10932/00-027B-8A50-ADC5-5701-7
PF--_E_00324_SE_01_T_01,http://hdl.handle.net/10932/00-027B-8A50-DE35-5801-6
PF--_E_00324_SE_01_A_01_DF_01,http://hdl.handle.net/10932/00-027B-8A51-07D5-5901-6
PF--_E_00324,http://hdl.handle.net/10932/00-027B-8A51-2CE5-5A01-C
PF--_E_00325_SE_01_A_01_DF_01,http://hdl.handle.net/10932/00-027B-8A51-5C85-5B01-6
PF--_E_00325_SE_01_T_01,http://hdl.handle.net/10932/00-027B-8A51-9E15-5C01-A
PF--_E_00325,http://hdl.handle.net/10932/00-027B-8A51-D885-5D01-4
PF--_E_00326_SE_01_T_01,http://hdl.handle.net/10932/00-027B-8A52-0C25-5E01-7
PF--_E_00326_SE_01_A_01_DF_01,http://hdl.handle.net/10932/00-027B-8A52-EC65-5F01-2
PF--_E_00326,http://hdl.handle.net/10932/00-027B-8A53-0BE5-6001-7
PF--_E_00327_SE_01_A_01_DF_01,http://hdl.handle.net/10932/00-027B-8A53-3275-6101-C
PF--_E_00327_SE_01_T_01,http://hdl.handle.net/10932/00-027B-8A53-54F5-6201-A
PF--_E_00327,http://hdl.handle.net/10932/00-027B-8A53-7F45-6301-2
PF--_E_00328_SE_01_T_01,http://hdl.handle.net/10932/00-027B-8A53-9AA5-6401-C
PF--_E_00328_SE_01_A_01_DF_01,http://hdl.handle.net/10932/00-027B-8A53-CC75-6501-C
PF--_E_00328,http://hdl.handle.net/10932/00-027B-8A53-F845-6601-D
PF--_E_00329_SE_01_A_01_DF_01,http://hdl.handle.net/10932/00-027B-8A54-18A5-6701-7
PF--_E_00329_SE_01_T_01,http://hdl.handle.net/10932/00-027B-8A54-FB15-6801-D
PF--_E_00329,http://hdl.handle.net/10932/00-027B-8A55-2595-6901-5
PF--_E_00330_SE_01_T_01,http://hdl.handle.net/10932/00-027B-8A55-4595-6A01-5
PF--_E_00330_SE_01_A_01_DF_01,http://hdl.handle.net/10932/00-027B-8A55-6585-6B01-5
PF--_E_00330,http://hdl.handle.net/10932/00-027B-8A55-8BF5-6C01-D
PF--_E_00331_SE_01_A_01_DF_01,http://hdl.handle.net/10932/00-027B-8A56-6C35-6D01-9
PF--_E_00331_SE_01_T_01,http://hdl.handle.net/10932/00-027B-8A56-87E5-6E01-3
PF--_E_00331,http://hdl.handle.net/10932/00-027B-8A56-ABB5-6F01-5
PF--_E_00332_SE_01_A_01_DF_01,http://hdl.handle.net/10932/00-027B-8A56-CC45-7001-C
PF--_E_00332_SE_01_T_01,http://hdl.handle.net/10932/00-027B-8A56-EC75-7101-3
PF--_E_00332,http://hdl.handle.net/10932/00-027B-8A57-0C85-7201-3
PF--_E_00333_SE_01_T_01,http://hdl.handle.net/10932/00-027B-8A57-3A05-7301-F
PF--_E_00333_SE_01_A_01_DF_01,http://hdl.handle.net/10932/00-027B-8A57-6585-7401-7
PF--_E_00333,http://hdl.handle.net/10932/00-027B-8A57-8175-7501-E
PF--_E_00334_SE_01_A_01_DF_01,http://hdl.handle.net/10932/00-027B-8A57-B245-7601-B
PF--_E_00334_SE_01_T_01,http://hdl.handle.net/10932/00-027B-8A57-D255-7701-1
PF--_E_00334,http://hdl.handle.net/10932/00-027B-8A57-F235-7801-5
PF--_E_00335_SE_01_T_01,http://hdl.handle.net/10932/00-027B-8A58-D205-7901-3
PF--_E_00335_SE_01_A_01_DF_01,http://hdl.handle.net/10932/00-027B-8A58-F0F5-7A01-6
PF--_E_00335,http://hdl.handle.net/10932/00-027B-8A59-1295-7B01-4
PF--_E_00336_SE_01_A_01_DF_01,http://hdl.handle.net/10932/00-027B-8A59-4185-7C01-4
PF--_E_00336_SE_01_T_01,http://hdl.handle.net/10932/00-027B-8A5A-2C05-7D01-0
PF--_E_00336,http://hdl.handle.net/10932/00-027B-8A5A-5245-7E01-7
PF--_E_00337_SE_01_T_01,http://hdl.handle.net/10932/00-027B-8A5A-78A5-7F01-6
PF--_E_00337_SE_01_A_01_DF_01,http://hdl.handle.net/10932/00-027B-8A5A-9EA5-8001-C
PF--_E_00337,http://hdl.handle.net/10932/00-027B-8A5A-CFB5-8101-4
PF--_E_00338_SE_01_T_01,http://hdl.handle.net/10932/00-027B-8A5A-F285-8201-4
PF--_E_00338_SE_01_A_01_DF_01,http://hdl.handle.net/10932/00-027B-8A5B-1F35-8301-C
PF--_E_00338,http://hdl.handle.net/10932/00-027B-8A5B-45B5-8401-2
PF--_E_00339_SE_01_A_01_DF_01,http://hdl.handle.net/10932/00-027B-8A5B-6775-8501-7
PF--_E_00339_SE_01_T_01,http://hdl.handle.net/10932/00-027B-8A5C-52F5-8601-E
PF--_E_00339,http://hdl.handle.net/10932/00-027B-8A5C-7225-8701-F
PF--_E_00340_SE_01_A_01_DF_01,http://hdl.handle.net/10932/00-027B-8A5C-C5A5-8801-1
PF--_E_00340_SE_01_T_01,http://hdl.handle.net/10932/00-027B-8A5C-F835-8901-B
PF--_E_00340,http://hdl.handle.net/10932/00-027B-8A5D-18F5-8A01-9
PF--_E_00341_SE_01_T_01,http://hdl.handle.net/10932/00-027B-8A5D-7F15-8B01-7
PF--_E_00341_SE_01_A_01_DF_01,http://hdl.handle.net/10932/00-027B-8A5D-D275-8C01-9
PF--_E_00341,http://hdl.handle.net/10932/00-027B-8A5E-C0B5-8D01-2
PF--_E_00342_SE_01_T_01,http://hdl.handle.net/10932/00-027B-8A5E-E195-8E01-4
PF--_E_00342_SE_01_A_01_DF_01,http://hdl.handle.net/10932/00-027B-8A5F-2485-8F01-A
PF--_E_00342,http://hdl.handle.net/10932/00-027B-8A5F-4C15-9001-A
PF--_E_00343_SE_01_A_01_DF_01,http://hdl.handle.net/10932/00-027B-8A60-4595-9101-7
PF--_E_00343_SE_01_T_01,http://hdl.handle.net/10932/00-027B-8A60-6C05-9201-7
PF--_E_00343,http://hdl.handle.net/10932/00-027B-8A60-9855-9301-E
PF--_E_00344_SE_01_T_01,http://hdl.handle.net/10932/00-027B-8A60-C905-9401-C
PF--_E_00344_SE_01_A_01_DF_01,http://hdl.handle.net/10932/00-027B-8A60-E705-9501-5
PF--_E_00344,http://hdl.handle.net/10932/00-027B-8A61-0C05-9601-E
PF--_E_00345_SE_01_A_01_DF_01,http://hdl.handle.net/10932/00-027B-8A61-28D5-9701-1
PF--_E_00345_SE_01_T_01,http://hdl.handle.net/10932/00-027B-8A61-43E5-9801-E
PF--_E_00345,http://hdl.handle.net/10932/00-027B-8A61-6FE5-9901-6
PF--_E_00346_SE_01_T_01,http://hdl.handle.net/10932/00-027B-8A61-A755-9A01-4
PF--_E_00346_SE_01_A_01_DF_01,http://hdl.handle.net/10932/00-027B-8A61-D825-9B01-3
PF--_E_00346,http://hdl.handle.net/10932/00-027B-8A62-0965-9C01-0
PF--_E_00347_SE_01_A_01_DF_01,http://hdl.handle.net/10932/00-027B-8A62-33C5-9D01-D
PF--_E_00347_SE_01_T_01,http://hdl.handle.net/10932/00-027B-8A62-6315-9E01-1
PF--_E_00347,http://hdl.handle.net/10932/00-027B-8A62-9AC5-9F01-0
PF--_E_00348_SE_01_A_01_DF_01,http://hdl.handle.net/10932/00-027B-8A62-BF55-A001-0
PF--_E_00348_SE_01_T_01,http://hdl.handle.net/10932/00-027B-8A62-E555-A101-2
PF--_E_00348,http://hdl.handle.net/10932/00-027B-8A63-0BD5-A201-C
PF--_E_00349_SE_01_T_01,http://hdl.handle.net/10932/00-027B-8A63-3225-A301-C
PF--_E_00349_SE_01_A_01_DF_01,http://hdl.handle.net/10932/00-027B-8A63-51B5-A401-8
PF--_E_00349,http://hdl.handle.net/10932/00-027B-8A63-70B5-A501-A
PF--_E_00350_SE_01_A_01_DF_01,http://hdl.handle.net/10932/00-027B-8A63-9265-A601-8
PF--_E_00350_SE_01_T_01,http://hdl.handle.net/10932/00-027B-8A63-B235-A701-6
PF--_E_00350,http://hdl.handle.net/10932/00-027B-8A63-EC55-A801-0
PF--_E_00351_SE_01_T_01,http://hdl.handle.net/10932/00-027B-8A64-1255-A901-0
PF--_E_00351_SE_01_A_01_DF_01,http://hdl.handle.net/10932/00-027B-8A64-42A5-AA01-8
PF--_E_00351,http://hdl.handle.net/10932/00-027B-8A65-3235-AB01-8
PF--_E_00352_SE_01_A_01_DF_01,http://hdl.handle.net/10932/00-027B-8A65-5FE5-AC01-3
PF--_E_00352_SE_01_T_01,http://hdl.handle.net/10932/00-027B-8A66-38A5-AD01-8
PF--_E_00352,http://hdl.handle.net/10932/00-027B-8A66-5FE5-AE01-0
PF--_E_00353_SE_01_T_01,http://hdl.handle.net/10932/00-027B-8A67-45B5-AF01-7
PF--_E_00353_SE_01_A_01_DF_01,http://hdl.handle.net/10932/00-027B-8A67-6C25-B001-9
PF--_E_00353,http://hdl.handle.net/10932/00-027B-8A67-86F5-B101-6
PF--_E_00354_SE_01_A_01_DF_01,http://hdl.handle.net/10932/00-027B-8A68-7265-B201-0
PF--_E_00354_SE_01_T_01,http://hdl.handle.net/10932/00-027B-8A68-98E5-B301-6
PF--_E_00354,http://hdl.handle.net/10932/00-027B-8A68-BF15-B401-0
PF--_E_00355_SE_01_T_01,http://hdl.handle.net/10932/00-027B-8A68-E5F5-B501-2
PF--_E_00355_SE_01_A_01_DF_01,http://hdl.handle.net/10932/00-027B-8A69-0C05-B601-7
PF--_E_00355,http://hdl.handle.net/10932/00-027B-8A69-2EB5-B701-1
PF--_E_00356_SE_01_T_01,http://hdl.handle.net/10932/00-027B-8A69-58E5-B801-7
PF--_E_00356_SE_01_A_01_DF_01,http://hdl.handle.net/10932/00-027B-8A69-78C5-B901-D
PF--_E_00356,http://hdl.handle.net/10932/00-027B-8A69-9F35-BA01-4
PF--_E_00357_SE_01_A_01_DF_01,http://hdl.handle.net/10932/00-027B-8A69-C135-BB01-F
PF--_E_00357_SE_01_T_01,http://hdl.handle.net/10932/00-027B-8A69-E795-BC01-D
PF--_E_00357,http://hdl.handle.net/10932/00-027B-8A6A-0D95-BD01-3
PF--_E_00358_SE_01_A_01_DF_01,http://hdl.handle.net/10932/00-027B-8A6A-2EE5-BE01-7
PF--_E_00358_SE_01_T_01,http://hdl.handle.net/10932/00-027B-8A6A-5895-BF01-D
PF--_E_00358,http://hdl.handle.net/10932/00-027B-8A6A-7535-C001-0
PF--_E_00359_SE_01_T_01,http://hdl.handle.net/10932/00-027B-8A6A-9F05-C101-A
PF--_E_00359_SE_01_A_01_DF_01,http://hdl.handle.net/10932/00-027B-8A6A-C565-C201-B
PF--_E_00359,http://hdl.handle.net/10932/00-027B-8A6A-EC05-C301-6
PF--_E_00360_SE_01_T_01,http://hdl.handle.net/10932/00-027B-8A6B-0BF5-C401-F
PF--_E_00360_SE_01_A_01_DF_01,http://hdl.handle.net/10932/00-027B-8A6B-F275-C501-4
PF--_E_00360,http://hdl.handle.net/10932/00-027B-8A6C-1905-C601-B
PF--_E_00361_SE_01_A_01_DF_01,http://hdl.handle.net/10932/00-027B-8A6C-3FC5-C701-E
PF--_E_00361_SE_01_T_01,http://hdl.handle.net/10932/00-027B-8A6C-64D5-C801-8
PF--_E_00361,http://hdl.handle.net/10932/00-027B-8A6C-8D15-C901-8
PF--_E_00362_SE_01_T_01,http://hdl.handle.net/10932/00-027B-8A6D-78B5-CA01-3
PF--_E_00362_SE_01_A_01_DF_01,http://hdl.handle.net/10932/00-027B-8A6D-A125-CB01-8
PF--_E_00362,http://hdl.handle.net/10932/00-027B-8A6D-C965-CC01-0
PF--_E_00363_SE_01_A_01_DF_01,http://hdl.handle.net/10932/00-027B-8A6D-F1C5-CD01-0
PF--_E_00363_SE_01_T_01,http://hdl.handle.net/10932/00-027B-8A6E-1255-CE01-B
PF--_E_00363,http://hdl.handle.net/10932/00-027B-8A6E-3245-CF01-D
PF--_E_00364_SE_01_T_01,http://hdl.handle.net/10932/00-027B-8A6E-58C5-D001-B
PF--_E_00364_SE_01_A_01_DF_01,http://hdl.handle.net/10932/00-027B-8A6E-7F15-D101-A
PF--_E_00364,http://hdl.handle.net/10932/00-027B-8A6E-B3C5-D201-8
PF--_E_00365_SE_01_A_01_DF_01,http://hdl.handle.net/10932/00-027B-8A6E-D8E5-D301-3
PF--_E_00365_SE_01_T_01,http://hdl.handle.net/10932/00-027B-8A6F-05E5-D401-9
PF--_E_00365,http://hdl.handle.net/10932/00-027B-8A6F-2C45-D501-2
PF--_E_00366_SE_01_A_01_DF_01,http://hdl.handle.net/10932/00-027B-8A6F-4BD5-D601-8
PF--_E_00366_SE_01_T_01,http://hdl.handle.net/10932/00-027B-8A6F-7255-D701-9
PF--_E_00366,http://hdl.handle.net/10932/00-027B-8A6F-9F45-D801-B
PF--_E_00367_SE_01_T_01,http://hdl.handle.net/10932/00-027B-8A6F-C595-D901-4
PF--_E_00367_SE_01_A_01_DF_01,http://hdl.handle.net/10932/00-027B-8A6F-E595-DA01-0
PF--_E_00367,http://hdl.handle.net/10932/00-027B-8A70-0565-DB01-7
PF--_E_00368_SE_01_T_01,http://hdl.handle.net/10932/00-027B-8A70-2575-DC01-1
PF--_E_00368_SE_01_A_01_DF_01,http://hdl.handle.net/10932/00-027B-8A71-0CA5-DD01-2
PF--_E_00368,http://hdl.handle.net/10932/00-027B-8A71-2BF5-DE01-5
PF--_E_00369_SE_01_A_01_DF_01,http://hdl.handle.net/10932/00-027B-8A71-5245-DF01-2
PF--_E_00369_SE_01_T_01,http://hdl.handle.net/10932/00-027B-8A71-6B05-E001-0
PF--_E_00369,http://hdl.handle.net/10932/00-027B-8A71-8215-E101-5
PF--_E_00370_SE_01_A_01_DF_01,http://hdl.handle.net/10932/00-027B-8A71-9A35-E201-9
PF--_E_00370_SE_01_T_01,http://hdl.handle.net/10932/00-027B-8A71-B245-E301-3
PF--_E_00370,http://hdl.handle.net/10932/00-027B-8A71-CA95-E401-E
PF--_E_00371_SE_01_T_01,http://hdl.handle.net/10932/00-027B-8A71-E285-E501-8
PF--_E_00371_SE_01_A_01_DF_01,http://hdl.handle.net/10932/00-027B-8A71-FB35-E601-C
PF--_E_00371,http://hdl.handle.net/10932/00-027B-8A72-1465-E701-0
PF--_E_00372_SE_01_A_01_DF_01,http://hdl.handle.net/10932/00-027B-8A72-2C75-E801-7
PF--_E_00372_SE_01_T_01,http://hdl.handle.net/10932/00-027B-8A72-44B5-E901-4
PF--_E_00372,http://hdl.handle.net/10932/00-027B-8A72-5E55-EA01-4
PF--_E_00373_SE_01_T_01,http://hdl.handle.net/10932/00-027B-8A72-7845-EB01-3
PF--_E_00373_SE_01_A_01_DF_01,http://hdl.handle.net/10932/00-027B-8A72-9105-EC01-5
PF--_E_00373,http://hdl.handle.net/10932/00-027B-8A72-A935-ED01-8
PF--_E_00374_SE_01_T_01,http://hdl.handle.net/10932/00-027B-8A72-C2C5-EE01-5
PF--_E_00374_SE_01_A_01_DF_01,http://hdl.handle.net/10932/00-027B-8A72-DA05-EF01-8
PF--_E_00374,http://hdl.handle.net/10932/00-027B-8A72-F395-F001-E
PF--_E_00375_SE_01_A_01_DF_01,http://hdl.handle.net/10932/00-027B-8A73-0B95-F101-4
PF--_E_00375_SE_01_T_01,http://hdl.handle.net/10932/00-027B-8A73-23E5-F201-E
PF--_E_00375,http://hdl.handle.net/10932/00-027B-8A73-3BE5-F301-1
PF--_E_00376_SE_01_A_01_DF_01,http://hdl.handle.net/10932/00-027B-8A73-5545-F401-3
PF--_E_00376_SE_01_T_01,http://hdl.handle.net/10932/00-027B-8A73-6E95-F501-0
PF--_E_00376,http://hdl.handle.net/10932/00-027B-8A73-8645-F601-7
PF--_E_00377_SE_01_T_01,http://hdl.handle.net/10932/00-027B-8A73-9F35-F701-5
PF--_E_00377_SE_01_A_01_DF_01,http://hdl.handle.net/10932/00-027B-8A73-B735-F801-F
PF--_E_00377,http://hdl.handle.net/10932/00-027B-8A73-DF95-F901-1
PF--_E_00378_SE_01_A_01_DF_01,http://hdl.handle.net/10932/00-027B-8A73-FF25-FA01-5
PF--_E_00378_SE_01_T_01,http://hdl.handle.net/10932/00-027B-8A74-2D25-FB01-2
PF--_E_00378,http://hdl.handle.net/10932/00-027B-8A74-5295-FC01-5
PF--_E_00379_SE_01_T_01,http://hdl.handle.net/10932/00-027B-8A74-78D5-FD01-C
PF--_E_00379_SE_01_A_01_DF_01,http://hdl.handle.net/10932/00-027B-8A74-9555-FE01-C
PF--_E_00379,http://hdl.handle.net/10932/00-027B-8A74-BF25-FF01-A
PF--_E_00380_SE_01_T_01,http://hdl.handle.net/10932/00-027B-8A74-E5A6-0001-9
PF--_E_00380_SE_01_A_01_DF_01,http://hdl.handle.net/10932/00-027B-8A75-0C96-0101-D
PF--_E_00380,http://hdl.handle.net/10932/00-027B-8A75-EC16-0201-1
PF--_E_00381_SE_01_A_01_DF_01,http://hdl.handle.net/10932/00-027B-8A76-0896-0301-E
PF--_E_00381_SE_01_T_01,http://hdl.handle.net/10932/00-027B-8A76-3276-0401-6
PF--_E_00381,http://hdl.handle.net/10932/00-027B-8A76-6286-0501-E
PF--_E_00382_SE_01_T_01,http://hdl.handle.net/10932/00-027B-8A76-8BE6-0601-A
PF--_E_00382_SE_01_A_01_DF_01,http://hdl.handle.net/10932/00-027B-8A76-A766-0701-4
PF--_E_00382,http://hdl.handle.net/10932/00-027B-8A76-D246-0801-5
PF--_E_00383_SE_01_A_01_DF_01,http://hdl.handle.net/10932/00-027B-8A76-F256-0901-C
PF--_E_00383_SE_01_T_01,http://hdl.handle.net/10932/00-027B-8A77-1266-0A01-5
PF--_E_00383,http://hdl.handle.net/10932/00-027B-8A77-4016-0B01-3
PF--_E_00384_SE_01_A_01_DF_01,http://hdl.handle.net/10932/00-027B-8A77-6586-0C01-5
PF--_E_00384_SE_01_T_01,http://hdl.handle.net/10932/00-027B-8A77-8BE6-0D01-C
PF--_E_00384,http://hdl.handle.net/10932/00-027B-8A77-B276-0E01-C
PF--_E_00385_SE_01_T_01,http://hdl.handle.net/10932/00-027B-8A77-D256-0F01-7
PF--_E_00385_SE_01_A_01_DF_01,http://hdl.handle.net/10932/00-027B-8A77-FEE6-1001-6
PF--_E_00385,http://hdl.handle.net/10932/00-027B-8A78-1A86-1101-7
PF--_E_00386_SE_01_T_01,http://hdl.handle.net/10932/00-027B-8A78-45D6-1201-1
PF--_E_00386_SE_01_A_01_DF_01,http://hdl.handle.net/10932/00-027B-8A78-65B6-1301-9
PF--_E_00386,http://hdl.handle.net/10932/00-027B-8A79-6046-1401-5
PF--_E_00387_SE_01_A_01_DF_01,http://hdl.handle.net/10932/00-027B-8A79-85B6-1501-C
PF--_E_00387_SE_01_T_01,http://hdl.handle.net/10932/00-027B-8A79-AC16-1601-0
PF--_E_00387,http://hdl.handle.net/10932/00-027B-8A79-CC26-1701-A
PF--_E_00388_SE_01_T_01,http://hdl.handle.net/10932/00-027B-8A79-F8B6-1801-6
PF--_E_00388_SE_01_A_01_DF_01,http://hdl.handle.net/10932/00-027B-8A7A-1956-1901-A
PF--_E_00388,http://hdl.handle.net/10932/00-027B-8A7A-3EF6-1A01-5
PF--_E_00389_SE_01_A_01_DF_01,http://hdl.handle.net/10932/00-027B-8A7B-22E6-1B01-0
PF--_E_00389_SE_01_T_01,http://hdl.handle.net/10932/00-027B-8A7B-6576-1C01-F
PF--_E_00389,http://hdl.handle.net/10932/00-027B-8A7B-8586-1D01-6
PF--_E_00390_SE_01_A_01_DF_01,http://hdl.handle.net/10932/00-027B-8A7B-AC06-1E01-3
PF--_E_00390_SE_01_T_01,http://hdl.handle.net/10932/00-027B-8A7C-9306-1F01-9
PF--_E_00390,http://hdl.handle.net/10932/00-027B-8A7C-B9A6-2001-9
PF--_E_00391_SE_01_T_01,http://hdl.handle.net/10932/00-027B-8A7C-DA96-2101-8
PF--_E_00391_SE_01_A_01_DF_01,http://hdl.handle.net/10932/00-027B-8A7C-FF56-2201-4
PF--_E_00391,http://hdl.handle.net/10932/00-027B-8A7D-E5B6-2301-1
PF--_E_00392_SE_01_T_01,http://hdl.handle.net/10932/00-027B-8A7E-1F96-2401-B
PF--_E_00392_SE_01_A_01_DF_01,http://hdl.handle.net/10932/00-027B-8A7E-6016-2501-0
PF--_E_00392,http://hdl.handle.net/10932/00-027B-8A7E-8176-2601-C
PF--_E_00393_SE_01_A_01_DF_01,http://hdl.handle.net/10932/00-027B-8A7E-AC16-2701-6
PF--_E_00393_SE_01_T_01,http://hdl.handle.net/10932/00-027B-8A7E-DF56-2801-A
PF--_E_00393,http://hdl.handle.net/10932/00-027B-8A7F-01A6-2901-C
PF--_E_00394_SE_01_A_01_DF_01,http://hdl.handle.net/10932/00-027B-8A7F-1D86-2A01-3
PF--_E_00394_SE_01_T_01,http://hdl.handle.net/10932/00-027B-8A7F-3F46-2B01-7
PF--_E_00394,http://hdl.handle.net/10932/00-027B-8A80-3256-2C01-3
PF--_E_00395_SE_01_T_01,http://hdl.handle.net/10932/00-027B-8A81-18E6-2D01-D
PF--_E_00395_SE_01_A_01_DF_01,http://hdl.handle.net/10932/00-027B-8A81-F636-2E01-4
PF--_E_00395,http://hdl.handle.net/10932/00-027B-8A82-2576-2F01-A
PF--_E_00396_SE_01_A_01_DF_01,http://hdl.handle.net/10932/00-027B-8A82-5846-3001-3
PF--_E_00396_SE_01_T_01,http://hdl.handle.net/10932/00-027B-8A82-8B36-3101-3
PF--_E_00396,http://hdl.handle.net/10932/00-027B-8A82-BE96-3201-F
PF--_E_00397_SE_01_T_01,http://hdl.handle.net/10932/00-027B-8A82-E4F6-3301-2
PF--_E_00397_SE_01_A_01_DF_01,http://hdl.handle.net/10932/00-027B-8A83-0B56-3401-1
PF--_E_00397,http://hdl.handle.net/10932/00-027B-8A83-38C6-3501-8
PF--_E_00398_SE_01_A_01_DF_01,http://hdl.handle.net/10932/00-027B-8A83-6C16-3601-E
PF--_E_00398_SE_01_T_01,http://hdl.handle.net/10932/00-027B-8A83-9266-3701-1
PF--_E_00398,http://hdl.handle.net/10932/00-027B-8A83-B8E6-3801-6
PF--,http://hdl.handle.net/10932/00-027B-8A83-E5B6-3901-B
